zila,upazila,union,lat,lon
Comilla,Debidwar,North Gunaighor,23.6114537,90.9772874
Comilla,Debidwar,South Gunaighor,23.6114537,90.9772874
Comilla,Debidwar,Boroshalghor,23.6849493,91.0399726
Comilla,Debidwar,Rajameher,23.5403281,90.9295234
Comilla,Debidwar,Jafargonj,23.4666308,91.1843604
Comilla,Debidwar,Dhampti,23.6114169,90.9773072
Comilla,Debidwar,Vani,23.6114537,90.9772874
Comilla,Barura,North Khoshbas,23.3773279,91.05502220000001
Comilla,Barura,South Khoshbas,23.3773279,91.05502220000001
Comilla,Barura,Jhalam,23.385212,90.9868468
Comilla,Barura,Chitodda,23.4498326,91.18466219999999
Comilla,Barura,North Shilmuri,23.3458029,91.0945436
Comilla,Barura,South Shilmuri,23.3458029,91.0945436
Comilla,Barura,Payalgacha,23.2848573,91.00052319999999
Comilla,Barura,Laxmipur,23.2681134,91.03318700000001
Comilla,Brahmanpara,Shidli,23.6583641,91.0825634
Comilla,Brahmanpara,Brahmanpara Sadar,23.6145643,91.1054511
Comilla,Brahmanpara,Shahebabad,23.5995484,91.1106937
Comilla,Chandina,Shuhilpur,23.4892481,91.00836369999999
Comilla,Chandina,Bataghashi,23.4892481,91.00836369999999
Comilla,Chandina,Joag,23.4892481,91.00836369999999
Comilla,Chandina,Borcarai,23.4892481,91.00836369999999
Comilla,Chandina,Madhaiya,23.4892481,91.0084667
Comilla,Chandina,Dollai Nowabpur,23.4089836,90.93002589999999
Comilla,Chandina,Mohichial,23.4892481,91.00836369999999
Comilla,Chandina,Gollai,23.4892481,91.00836369999999
Comilla,Chandina,Keronkhal,23.4958598,90.9628595
Comilla,Chandina,Etberpur,23.4892481,91.00836369999999
Comilla,Chandina,Borcoit,23.4892481,91.00836369999999
Comilla,Chauddagram,Shuvapur,23.0888148,91.2442902
Comilla,Chauddagram,Ghulpasha,23.228035,91.3131861
Comilla,Chauddagram,Moonshirhat,23.2492479,91.2674411
Comilla,Chauddagram,Jagannatdighi,23.4284477,91.1905094
Comilla,Chauddagram,Goonabati,23.0971898,91.293919
Comilla,Daudkandi,Doulotpur,23.4608378,90.7699198
Comilla,Daudkandi,Daudkandi,23.5337738,90.7247008
Comilla,Daudkandi,North Eliotgonj,23.5131462,90.8693009
Comilla,Daudkandi,South Eliotgonj,23.5131462,90.8693009
Comilla,Daudkandi,Zinglatoli,23.5308217,90.80622579999999
Comilla,Daudkandi,Sundolpur,23.5337738,90.7247008
Comilla,Daudkandi,Gouripur,23.5410524,90.78531559999999
Comilla,Daudkandi,East Mohammadpur,23.4903847,90.8127369
Comilla,Daudkandi,West Mohammadpur,23.4873713,90.81987749999999
Comilla,Daudkandi,Betessor,23.5337738,90.7247008
Comilla,Daudkandi,Podua,23.4700472,90.71052670000002
Comilla,Daudkandi,West Passgacia,23.5337738,90.7247008
Comilla,Daudkandi,Baropara,23.5173982,90.7675424
Comilla,Homna,Gagutiea,23.6824728,90.78329079999999
Comilla,Homna,Chanderchor,23.6912053,90.85485469999999
Comilla,Homna,Vashania,23.6824728,90.78329079999999
Comilla,Homna,Nilokhi,23.6644739,90.811547
Comilla,Laksam,Bakoi,23.283719,91.1016582
Comilla,Laksam,Mudafargonj,23.267814,91.058334
Comilla,Laksam,Uttarda,23.1975983,91.13396759999999
Comilla,Laksam,Laksam Purba,23.2384031,91.1238611
Comilla,Laksam,Azgora,23.2384031,91.1238611
Comilla,Muradnagar,Sreekil,23.6392755,90.9310271
Comilla,Muradnagar,Andicot,23.6392755,90.9310271
Comilla,Muradnagar,Purbadair (East),23.6392755,90.9310271
Comilla,Muradnagar,Purbadair (West),23.6392755,90.9310271
Comilla,Muradnagar,Bangara (East),23.7155112,90.989237
Comilla,Muradnagar,Bangara (West),23.7155112,90.989237
Comilla,Muradnagar,Camalla,23.6929112,90.9146086
Comilla,Muradnagar,Ramachandrapur (North),23.7176378,90.8830071
Comilla,Muradnagar,Ramachandrapur (South),23.7176378,90.8830071
Comilla,Muradnagar,Muradnagar Sadar,23.6400194,90.92833
Comilla,Muradnagar,Nobipur (East),23.639084,90.9599665
Comilla,Muradnagar,Nobipur (West),23.639084,90.9599665
Comilla,Muradnagar,Damgar,23.6392755,90.9310271
Comilla,Muradnagar,Salikandi,23.6392755,90.9310271
Comilla,Muradnagar,Darura,23.6392755,90.9310271
Comilla,Nangalkot,Bangadda,23.2256977,91.2337661
Comilla,Nangalkot,Paria,23.1668383,91.1983186
Comilla,Nangalkot,Raykot,23.2094739,91.2493478
Comilla,Nangalkot,Makrabpur,23.189816,91.1854345
Comilla,Nangalkot,Heshakhal,23.1668383,91.1983186
Comilla,Nangalkot,Adra,23.1489022,91.1520965
Comilla,Nangalkot,Judda,23.1668383,91.1983186
Comilla,Nangalkot,Doulkha,23.1668383,91.1983186
Comilla,Nangalkot,Boxgonj,23.0618419,91.2457898
Comilla,Sadarsouth,Baropara,23.4525342,91.2019807
Comilla,Sadarsouth,Jorkanoneast,23.4189058,91.1726637
Comilla,Sadarsouth,Jorkanonwest,23.4189058,91.1726637
Comilla,Sadarsouth,Bagmara (North),23.3366048,91.1450651
Comilla,Sadarsouth,Bagmara (South),23.3366048,91.1450651
Comilla,Sadarsouth,Bhuloin (North),23.4189058,91.1726637
Comilla,Sadarsouth,Bhuloin (South),23.4189058,91.1726637
Comilla,Sadarsouth,Belgor (North),23.4189058,91.1726637
Comilla,Sadarsouth,Belgor (South),23.4189058,91.1726637
Comilla,Sadarsouth,Perul (North),23.2734814,91.1242561
Feni,Feni Sadar,Panchgachia,23.0101321,91.3713456
Feni,Feni Sadar,Dhormapur,23.0487324,91.3903425
Feni,Feni Sadar,Dholia,22.9259525,91.4094756
Feni,Feni Sadar,Chonua,23.0100149,91.3991863
Feni,Feni Sadar,Motobi,22.9963289,91.461019
Feni,Feni Sadar,Forhadnogor,23.0100149,91.3991863
Feni,Sonagazi,Charmozlishpur,22.9299458,91.35174669999999
Feni,Sonagazi,Bogadana,22.902998,91.368628
Feni,Sonagazi,Motigonj,22.8743786,91.4069796
Feni,Sonagazi,Mongolkandi,23.0100149,91.3991863
Feni,Sonagazi,Chardorbesh,23.0100149,91.3991863
Feni,Sonagazi,Chorchandia,22.8157916,91.3847735
Feni,Sonagazi,Nababpur,22.912078,91.44606
Feni,Fulgazi,Dorbarpur,23.0100149,91.3991863
Feni,Fulgazi,Anandopur,23.0722111,91.42897339999999
Feni,Fulgazi,Amzadhat,23.1214782,91.488992
Feni,Parshuram,Mizanagar,23.2108547,91.4455448
Feni,Parshuram,Ctholia,23.2108547,91.4455448
Feni,Parshuram,Boxmahmmud,23.2108547,91.4455448
Feni,Daganbhuiyan,Yeakubpur,22.9067535,91.2746607
Feni,Daganbhuiyan,Matubhuiyan,22.9539333,91.33246199999999
Feni,Daganbhuiyan,Jayloskor,22.9123584,91.3180042
Brahmanbaria,Brahmanbaria Sadar,Machihata,23.9260207,91.1423106
Brahmanbaria,Brahmanbaria Sadar,Talsahar,24.0244646,91.04185679999999
Brahmanbaria,Brahmanbaria Sadar,Natai,23.9866432,91.092219
Brahmanbaria,Brahmanbaria Sadar,Natai,23.9866432,91.092219
Brahmanbaria,Brahmanbaria Sadar,Shuhilpur,24.01506,91.1113216
Brahmanbaria,Brahmanbaria Sadar,Bodhal,23.9674376,91.1117536
Brahmanbaria,Kasba,Mulagram,23.7473663,91.1257167
Brahmanbaria,Kasba,Kharera,23.7753103,91.10825589999999
Brahmanbaria,Kasba,Benauty,23.7473663,91.1257167
Brahmanbaria,Kasba,Kasbaw,23.7280874,91.142276
Brahmanbaria,Kasba,Kayempur,23.695454,91.13208259999999
Brahmanbaria,Nasirnagar,Bhalakut,24.19575,91.1953135
Brahmanbaria,Nasirnagar,Goniauk,24.19575,91.1953135
Brahmanbaria,Nasirnagar,Dharnondol,24.19575,91.1953135
Brahmanbaria,Nasirnagar,Purbabhag,24.1957594,91.19531429999999
Brahmanbaria,Sarail,Auraol,24.0745179,91.1113216
Brahmanbaria,Sarail,Pakshimuul,24.1620883,91.0488512
Brahmanbaria,Sarail,Kalikaccha,24.0886143,91.1154169
Brahmanbaria,Sarail,Panishor,24.0745179,91.1113216
Brahmanbaria,Sarail,Noagoun,24.0745179,91.1113216
Brahmanbaria,Sarail,Shahajadapur,24.0745179,91.1113216
Brahmanbaria,Ashuganj,Ashuganj,24.0385606,91.0034732
Brahmanbaria,Ashuganj,Araishidha,24.0068798,91.0035812
Brahmanbaria,Ashuganj,Talshaharw,24.0385606,91.0034732
Brahmanbaria,Ashuganj,Sarifpur,24.0385606,91.0034732
Brahmanbaria,Akhaura,Monionda,23.8673991,91.2081173
Brahmanbaria,Akhaura,Akhauran,23.8673991,91.2081173
Brahmanbaria,Akhaura,Akhauras,23.8673991,91.2081173
Brahmanbaria,Nabinagar,Nathghar,23.8884944,90.9659192
Brahmanbaria,Nabinagar,Biddayakut,23.8884944,90.9659192
Brahmanbaria,Nabinagar,Nabinagare,23.8884944,90.9659192
Brahmanbaria,Nabinagar,Nabinagarw,23.8884944,90.9659192
Brahmanbaria,Nabinagar,Bitghar,23.8281698,91.04664369999999
Brahmanbaria,Nabinagar,Jinudpur,23.8107311,90.9844567
Brahmanbaria,Nabinagar,Shamogram,23.8884944,90.9659192
Brahmanbaria,Nabinagar,Kaitala (North),23.8607053,91.0729818
Brahmanbaria,Nabinagar,Kaitala (South),23.8607053,91.0729818
Brahmanbaria,Bancharampur,Tazkhali,23.7731359,90.8008195
Brahmanbaria,Bancharampur,Pahariya Kandi,23.7731359,90.8008195
Brahmanbaria,Bancharampur,Dariadulat,23.8266846,90.7960805
Brahmanbaria,Bancharampur,Darikandi,23.793515,90.87943109999999
Brahmanbaria,Bancharampur,Saifullyakandi,23.7981947,90.840116
Brahmanbaria,Bancharampur,Bancharampur,23.7731359,90.8008195
Brahmanbaria,Bancharampur,Ayabpur,23.7806932,90.7734862
Brahmanbaria,Bancharampur,Rupushdi,23.7731359,90.8008195
Brahmanbaria,Bijoynagar,Bhudanty,24.0141859,91.2265536
Brahmanbaria,Bijoynagar,Ichapura,23.9608181,91.1115014
Brahmanbaria,Bijoynagar,Singerbil,24.0141859,91.2265536
Brahmanbaria,Bijoynagar,Bishupor,24.0141859,91.2265536
Brahmanbaria,Bijoynagar,Charislampur,24.0141859,91.2265536
Rangamati,Rangamati Sadar,Sapchari,22.5078201,92.1890427
Rangamati,Rangamati Sadar,Kutukchari,22.6957922,92.0812289
Rangamati,Rangamati Sadar,Mogban,22.6530165,92.1788229
Rangamati,Kaptai,Chitmorom,22.5036194,92.1990763
Rangamati,Kawkhali,Fatikchari,22.7212148,91.95391060000001
Rangamati,Baghaichari,Bongoltali,23.1649165,92.19136429999999
Rangamati,Baghaichari,Rupokari,23.1649165,92.19136429999999
Rangamati,Baghaichari,Marisha,23.1649165,92.19136429999999
Rangamati,Baghaichari,Khedarmara,23.0875946,92.2202468
Rangamati,Baghaichari,Sharoyatali,23.1649165,92.19136429999999
Rangamati,Baghaichari,Baghaichari,23.1649165,92.19136429999999
Rangamati,Barkal,Subalong,22.702145,92.296373
Rangamati,Barkal,Bushanchara,22.7251557,92.3795109
Rangamati,Barkal,Aimachara,22.7251557,92.3795109
Rangamati,Barkal,Borohorina,22.9719318,92.3517526
Rangamati,Langadu,Langad,22.9677814,92.200155
Rangamati,Langadu,Maeinimukh,22.9677814,92.200155
Rangamati,Langadu,Vasannadam,22.9677814,92.200155
Rangamati,Langadu,Bogachattar,22.9677814,92.200155
Rangamati,Langadu,Kalapakujja,23.0190601,92.21134860000001
Rangamati,Rajasthali,Ghilachari,22.4068125,92.2760804
Rangamati,Rajasthali,Gaindya,22.3585196,92.1939206
Rangamati,Belaichari,Kengrachari,22.4912827,92.33812879999999
Rangamati,Belaichari,Belaichari,22.5117427,92.3436747
Rangamati,Juraichari,Juraichari,22.6708223,92.3788939
Rangamati,Juraichari,Banajogichara,22.6715997,92.34569979999999
Rangamati,Juraichari,Moidong,22.5725886,92.37642579999999
Rangamati,Naniarchar,Sabekkhong,22.862167,92.1106617
Noakhali,Noakhali Sadar,Noannoi,22.8652943,91.0970586
Noakhali,Noakhali Sadar,Aujbalia,22.8652943,91.0970586
Noakhali,Noakhali Sadar,Kaladara,22.8652943,91.0970586
Noakhali,Noakhali Sadar,Newajpur,22.8652943,91.0970586
Noakhali,Noakhali Sadar,East Charmatua,22.8652943,91.0970586
Noakhali,Noakhali Sadar,Andarchar,22.8652943,91.0970586
Noakhali,Companiganj,Charparboti,22.9032432,91.3396927
Noakhali,Begumganj,Alyearpur,22.9320465,91.0923963
Noakhali,Begumganj,Chayani,22.8978216,91.01348879999999
Noakhali,Hatia,Nolchira,22.2912019,91.1404602
Noakhali,Hatia,Tomoroddi,22.290748,91.07477820000001
Noakhali,Hatia,Sonadiya,22.2880698,91.1400998
Noakhali,Hatia,Nijhumdwi,22.2880698,91.1400998
Noakhali,Subarnachar,Charjubilee,22.6518231,91.1065272
Noakhali,Subarnachar,East Charbata,22.6667028,91.10892439999999
Noakhali,Kabirhat,Dhanshiri,22.7467481,91.1640968
Noakhali,Kabirhat,Ghoshbag,22.7956429,91.1989169
Noakhali,Kabirhat,Batoiya,22.7956429,91.1989169
Noakhali,Senbug,Dumurua,24.3088778,91.34813009999999
Noakhali,Senbug,Bejbagh,22.8723789,91.09731839999999
Noakhali,Chatkhil,Porokote,23.0518075,90.9772874
Noakhali,Chatkhil,Badalkot,23.0874379,90.96083499999999
Noakhali,Chatkhil,Noakhala,23.0386866,90.953311
Noakhali,Sonaimori,Joyag,23.0637018,91.0106134
Noakhali,Sonaimori,Nodona,23.0604732,91.07600599999999
Noakhali,Sonaimori,Barogaon,23.0149876,91.1400998
Noakhali,Sonaimori,Ambarnagor,22.9908833,91.17850159999999
Noakhali,Sonaimori,Bajra,23.0509273,91.1113216
Chandpur,Haimchar,Algidurgapur (North),23.0595392,90.5919691
Chandpur,Haimchar,Algidurgapur (South),23.0595392,90.5919691
Chandpur,Kachua,Shohodebpur (East),23.3431888,90.8913478
Chandpur,Kachua,Shohodebpur (West),23.3431888,90.8913478
Chandpur,Kachua,Kachua (North),23.3431888,90.8913478
Chandpur,Kachua,Kachua (South),23.3431888,90.8913478
Chandpur,Kachua,Gohat (North),23.3036343,90.9402655
Chandpur,Kachua,Gohat (South),23.3036343,90.9402655
Chandpur,Kachua,Koroia,23.3431888,90.8913478
Chandpur,Shahrasti,Meher (North),23.2306433,90.9486223
Chandpur,Shahrasti,Meher (South),23.2306433,90.9486223
Chandpur,Shahrasti,Suchipara (North),23.1590681,90.9677301
Chandpur,Shahrasti,Suchipara (South),23.1590681,90.9677301
Chandpur,Shahrasti,Chitoshi (East),23.1650938,91.0029339
Chandpur,Shahrasti,Raysree (South),23.2401024,91.01324079999999
Chandpur,Shahrasti,Raysree (North),23.2383092,90.999735
Chandpur,Shahrasti,Chitoshiwest,23.2306433,90.9486223
Chandpur,Chandpur Sadar,Bishnapur,23.2250228,90.6547361
Chandpur,Chandpur Sadar,Laxmipur Model,23.2249389,90.65472799999999
Chandpur,Matlab South,Nayergaon (North),23.4126309,90.75168219999999
Chandpur,Matlab South,Nayergaon (South),23.4126309,90.75168219999999
Chandpur,Matlab South,Upadi (South),23.3270783,90.729523
Chandpur,Matlab South,Upadi (North),23.3270783,90.729523
Chandpur,Hajiganj,Rajargaon (North),23.3001155,90.76516509999999
Chandpur,Hajiganj,Kalocho (North),23.2997277,90.8413068
Chandpur,Hajiganj,Hajiganj Sadar,23.2508859,90.8498709
Chandpur,Hajiganj,Kalocho (South),23.2508859,90.8498709
Chandpur,Hajiganj,Barkul (East),23.2508859,90.8498709
Chandpur,Hajiganj,Barkul (West),23.2386779,90.8666858
Chandpur,Hajiganj,Hatila (East),23.2508859,90.8498709
Chandpur,Hajiganj,Hatila (West),23.2508859,90.8498709
Chandpur,Hajiganj,Gandharbapur (North),23.2508859,90.8498709
Chandpur,Hajiganj,Gandharbapur (South),23.2508859,90.8498709
Chandpur,Matlab North,Banganbari,23.3658096,90.63825779999999
Chandpur,Matlab North,Fatehpur (East),23.2513148,90.8517846
Chandpur,Matlab North,Fatehpur (West),23.3658096,90.63825779999999
Chandpur,Matlab North,Gazra,23.3658096,90.63825779999999
Chandpur,Faridgonj,Balithuba (West),23.1958963,90.7675424
Chandpur,Faridgonj,Balithuba (East),23.1958963,90.7675424
Chandpur,Faridgonj,Subidpur (East),23.1866639,90.82701929999999
Chandpur,Faridgonj,Subidpur (West),23.1866639,90.82701929999999
Chandpur,Faridgonj,Gupti (West),23.1508567,90.8413068
Chandpur,Faridgonj,Gupti (East),23.1508567,90.8413068
Chandpur,Faridgonj,Paikpara (North),23.1629652,90.8032181
Chandpur,Faridgonj,Paikpara (South),23.1629652,90.8032181
Chandpur,Faridgonj,Gobindapur (North),23.1274882,90.75090449999999
Chandpur,Faridgonj,Gobindapur (South),23.1274882,90.75090449999999
Chandpur,Faridgonj,Chardukhia (East),23.071219,90.7038146
Chandpur,Faridgonj,Chardukhia (West),23.071219,90.7038146
Chandpur,Faridgonj,Faridgonj (South),23.1274882,90.75090449999999
Chandpur,Faridgonj,Rupsha (South),23.1341327,90.78773110000002
Chandpur,Faridgonj,Rupsha (North),23.1341327,90.78773110000002
Lakshmipur,Lakshmipur Sadar,Hamsadi (North),23.0050701,90.815117
Lakshmipur,Lakshmipur Sadar,Hamsadi (South),23.0050701,90.815117
Lakshmipur,Lakshmipur Sadar,Parbotinagar,22.9446471,90.8281883
Lakshmipur,Lakshmipur Sadar,Chandrogonj,22.9448938,90.9913184
Lakshmipur,Lakshmipur Sadar,Nourthjoypur,22.9446471,90.8281883
Lakshmipur,Lakshmipur Sadar,Hazirpara,22.9432819,90.94742839999999
Lakshmipur,Lakshmipur Sadar,Charshahi,22.9094019,90.9734493
Lakshmipur,Lakshmipur Sadar,Digli,22.9446471,90.8281883
Lakshmipur,Lakshmipur Sadar,Vobanigonj,22.9446471,90.8281883
Lakshmipur,Lakshmipur Sadar,Kusakhali,22.8669312,90.92501109999999
Lakshmipur,Lakshmipur Sadar,Sakchor,22.9446471,90.8281883
Lakshmipur,Lakshmipur Sadar,Tearigonj,22.9446471,90.8281883
Lakshmipur,Lakshmipur Sadar,Tumchor,22.9421973,90.836585
Lakshmipur,Lakshmipur Sadar,Charramoni Mohon,22.9446471,90.8281883
Lakshmipur,Kamalnagar,Char Folcon,22.71,90.86
Lakshmipur,Kamalnagar,Patarirhat,22.737006,90.86849319999999
Lakshmipur,Kamalnagar,Charlorench,22.737006,90.86849319999999
Lakshmipur,Raipur,Raipur,25.4115795,89.28573
Lakshmipur,Raipur,Keora,22.6644795,90.16120289999999
Lakshmipur,Ramgati,Alxendar,22.5899886,90.9940179
Lakshmipur,Ramgati,Borokheri,22.5899886,90.9940179
Lakshmipur,Ramganj,Ichhapur,23.1122327,90.8246386
Chattogram,Rangunia,Swanirbor Rangunia,22.3752075,91.8348606
Chattogram,Rangunia,Mariumnagar,22.3752075,91.8348606
Chattogram,Rangunia,Pomra,22.4702989,92.0126276
Chattogram,Rangunia,Sharafbhata,22.4502509,92.0387777
Chattogram,Rangunia,Shilok,22.3752075,91.8348606
Chattogram,Rangunia,Chandraghona,22.3752075,91.8348606
Chattogram,Mirsharai,Korerhat,22.3480237,91.7973497
Chattogram,Mirsharai,Jorarganj,22.3752075,91.8348606
Chattogram,Mirsharai,Dhoom,22.3480237,91.7973497
Chattogram,Mirsharai,Ichakhali,22.773039,91.5741517
Chattogram,Patiya,Char Patharghata,22.315857,91.8476843
Chattogram,Patiya,Char Lakshya,22.293636,91.83671
Chattogram,Patiya,Juldha,22.2786566,91.84402589999999
Chattogram,Patiya,Dakkhin Bhurshi,22.3128045,91.98081289999999
Chattogram,Patiya,Bara Uthan,22.2471655,91.862321
Chattogram,Patiya,Habilasdwi,22.3751742,91.83476429999999
Chattogram,Banshkhali,Silk,22.3752075,91.8348606
Chattogram,Boalkhali,Pashchim Gamdandi,22.3791057,91.9172519
Chattogram,Boalkhali,Charandwi,22.3791057,91.9172519
Chattogram,Boalkhali,Sreepur-Kharandwi,22.3791057,91.9172519
Chattogram,Boalkhali,Amuchia,22.3791057,91.9172519
Chattogram,Boalkhali,Ahla Karaldenga,22.3791057,91.9172519
Chattogram,Anwara,Boirag,22.2337164,91.8659809
Chattogram,Anwara,Raipur,22.2337164,91.8659809
Chattogram,Anwara,Barumchara,22.1696875,91.89218749999999
Chattogram,Anwara,Baroakhan,22.2337164,91.8659809
Chattogram,Anwara,Anwara,22.233355,91.8652635
Chattogram,Chandanaish,Joara,22.3752075,91.8348606
Chattogram,Chandanaish,Bailtali,22.1576448,92.0003885
Chattogram,Satkania,Amilaisi,22.3752075,91.8348606
Chattogram,Satkania,Eochiai,22.3752075,91.8348606
Chattogram,Lohagara,Padua,22.3752075,91.8348606
Chattogram,Hathazari,Farhadabad,22.4934869,91.81476959999999
Chattogram,Hathazari,Mirjapur,22.3752075,91.8348606
Chattogram,Hathazari,Nangolmora,22.5084634,91.80745859999999
Chattogram,Hathazari,Gomanmordan,22.4934869,91.81476959999999
Chattogram,Hathazari,Chipatali,22.5340588,91.836912
Chattogram,Hathazari,Fathepur,22.5084634,91.80745859999999
Chattogram,Hathazari,Chikondandi,22.4934869,91.81476959999999
Chattogram,Hathazari,Uttar Madrasha,22.4922801,91.8213896
Chattogram,Hathazari,Dakkin Madrasha,22.4365278,91.84646479999999
Chattogram,Hathazari,Sikarpur,22.5084634,91.80745859999999
Chattogram,Hathazari,Budirchar,22.5084634,91.80745859999999
Chattogram,Fatikchhari,Dharmapur,22.3752075,91.8348606
Chattogram,Fatikchhari,Harualchari,22.7178805,91.7246856
Chattogram,Fatikchhari,Paindong,22.7134487,91.7763033
Chattogram,Fatikchhari,Kanchannagor,22.7404107,91.8415871
Chattogram,Fatikchhari,Sunderpur,22.3752075,91.8348606
Chattogram,Fatikchhari,Jafathagar,22.3752075,91.8348606
Chattogram,Fatikchhari,Bokhtapur,22.3752075,91.8348606
Chattogram,Fatikchhari,Roshangiri,22.6114727,91.8195319
Chattogram,Fatikchhari,Nanupur,22.6197411,91.8452453
Chattogram,Raozan,Purbagujra,22.3752075,91.8348606
Chattogram,Raozan,Paschim Gujra,22.3752075,91.8348606
Chattogram,Raozan,Gohira,22.5217956,91.8681371
Chattogram,Raozan,Holdia,22.3752075,91.8348606
Chattogram,Raozan,Kodolpur,22.3752075,91.8348606
Chattogram,Raozan,Nowajushpur,22.3752075,91.8348606
Chattogram,Karnafuli,Char Patharghata,22.3145188,91.8342716
Chattogram,Karnafuli,Char Lakshya,22.3014383,91.8443775
Chattogram,Karnafuli,Juldha,22.2849433,91.81476959999999
Chattogram,Karnafuli,Barauthan,22.2833245,91.7872056
Chattogram,Karnafuli,Sikalbaha,22.3141869,91.86354089999999
Coxsbazar,Coxsbazar Sadar,Eidgaon,21.5528782,92.067477
Coxsbazar,Coxsbazar Sadar,Chowfaldandi,21.5127401,92.01165809999999
Coxsbazar,Coxsbazar Sadar,Varuakhali,21.4925655,92.0518154
Coxsbazar,Coxsbazar Sadar,Pmkhali,21.4508718,92.0344099
Coxsbazar,Coxsbazar Sadar,Khurushkhul,21.4272066,92.0061116
Coxsbazar,Coxsbazar Sadar,Jhilongjha,21.4272066,92.0061116
Coxsbazar,Chakaria,Fashiakhali,21.7423689,92.0910377
Coxsbazar,Kutubdia,Dakshi Dhurung,21.8762678,91.8562218
Coxsbazar,Kutubdia,Baragho,21.4272184,92.0061058
Coxsbazar,Ukhiya,Holdiapalong,21.3070453,92.1155691
Coxsbazar,Moheshkhali,Boro Moheshkhali,21.5385714,91.9416877
Coxsbazar,Moheshkhali,Choto Moheshkhali,21.5373654,91.9417617
Coxsbazar,Moheshkhali,Shaplapur,21.6435625,91.9746875
Coxsbazar,Moheshkhali,Kutubjum,21.5199684,91.9515282
Coxsbazar,Pekua,Barabakia,21.8327393,91.9573985
Coxsbazar,Pekua,Shilkhali,21.8239351,92.0003885
Coxsbazar,Ramu,Fotekharkul,21.4103824,92.1086119
Coxsbazar,Ramu,Eidghar,21.4285335,92.0951583
Coxsbazar,Ramu,Kacchapia,21.4285335,92.0951583
Coxsbazar,Ramu,Kauwarkho,21.4285335,92.0951583
Coxsbazar,Ramu,Dakkhin Mithachhari,21.4272184,92.0061058
Coxsbazar,Ramu,Jouarianala,21.4713857,92.099736
Coxsbazar,Ramu,Garjoniya,21.4285335,92.0951583
Coxsbazar,Teknaf,Subrang,20.8368903,92.3049101
Coxsbazar,Teknaf,Baharchara,21.0320208,92.17768819999999
Coxsbazar,Teknaf,Hnila,21.0249,92.24009
Coxsbazar,Teknaf,Saintmartin,20.8666404,92.2980975
Coxsbazar,Teknaf,Teknaf Sadar,20.8629841,92.2756476
Khagrachhari,Khagrachhari Sadar,Khagrachhari Sadar,23.1137064,91.97949630000001
Khagrachhari,Khagrachhari Sadar,Parachara,23.1137064,91.97949630000001
Khagrachhari,Khagrachhari Sadar,Kamalchari,23.0759404,91.99502609999999
Khagrachhari,Dighinala,Babuchara,23.3379412,92.03548909999999
Khagrachhari,Panchari,Changi,23.3024586,91.89771309999999
Khagrachhari,Panchari,Panchari,23.3024586,91.89771309999999
Khagrachhari,Laxmichhari,Dullyatali,22.8528364,91.9050391
Khagrachhari,Laxmichhari,Barmachari,22.6892891,91.9367906
Khagrachhari,Laxmichhari,Laxmichhari,23.1137114,91.9795001
Khagrachhari,Mohalchari,Bhaibonchara,23.2164885,91.9152328
Khagrachhari,Mohalchari,Mahalchari,22.9316977,92.02976799999999
Khagrachhari,Mohalchari,Mobachari,22.9316977,92.02976799999999
Khagrachhari,Mohalchari,Kayanghat,22.9316977,92.02976799999999
Khagrachhari,Mohalchari,Maischari,23.0133917,92.0147698
Khagrachhari,Manikchari,Manikchari,22.8417234,91.83671
Khagrachhari,Manikchari,Jogyachola,22.8415486,91.759977
Khagrachhari,Ramgarh,Patachara,22.9625324,91.8119586
Khagrachhari,Ramgarh,Hafchari,22.9944438,91.7419757
Khagrachhari,Matiranga,Taindong,23.0407988,91.8733017
Khagrachhari,Matiranga,Tabalchari,23.0407988,91.8733017
Khagrachhari,Matiranga,Barnal,23.1753048,91.8269573
Khagrachhari,Matiranga,Gomti,23.1454,91.8702059
Khagrachhari,Matiranga,Balchari,23.0407988,91.8733017
Bandarban,Bandarban Sadar,Tongkaboty,22.1960332,92.21760630000001
Bandarban,Bandarban Sadar,Suwalok,22.140568,92.1713384
Bandarban,Bandarban Sadar,Bandarban Sadar,22.196146,92.21758849999999
Bandarban,Alikadam,Alikadam Sadar,21.6530087,92.31476769999999
Bandarban,Alikadam,Chwekhyong,21.6530087,92.31476769999999
Bandarban,Naikhongchhari,Naikhyongchari Sadar,21.4269481,92.17572779999999
Bandarban,Naikhongchhari,Gumdhum,21.2023621,92.1964031
Bandarban,Naikhongchhari,Sonaychari,21.401745,92.1605439
Bandarban,Naikhongchhari,Duwchari,21.4269481,92.17572779999999
Bandarban,Rowangchhari,Rowangchari Sadar,22.1832381,92.3366846
Bandarban,Rowangchhari,Taracha,22.1512146,92.2548553
Bandarban,Rowangchhari,Alekyong,22.1832381,92.3366846
Bandarban,Rowangchhari,Nawapotong,22.1831524,92.3366303
Bandarban,Lama,Lama Sadar,21.7739055,92.1968917
Bandarban,Lama,Fasiakhali,21.7423689,92.0910377
Bandarban,Lama,Fythong,21.7739055,92.1968917
Bandarban,Lama,Rupushipara,21.7739055,92.1968917
Bandarban,Ruma,Paind,22.0554765,92.3986731
Bandarban,Ruma,Ruma Sadar,22.0554765,92.3986731
Bandarban,Ruma,Ramakreprangsa,22.0554765,92.3986731
Bandarban,Ruma,Galanggya,22.0554765,92.3986731
Bandarban,Thanchi,Remakre,21.8210961,92.435696
Bandarban,Thanchi,Tind,21.8210961,92.435696
Bandarban,Thanchi,Thanchi Sadar,21.8559505,92.4365502
Sirajganj,Belkuchi,Belkuchi Sadar,24.2949804,89.696488
Sirajganj,Belkuchi,Doulatpur,24.2565598,89.6863219
Sirajganj,Chauhali,Gharjan,24.1496953,89.7614613
Sirajganj,Chauhali,Sadia Chandpur,24.2507589,89.7661527
Sirajganj,Kamarkhand,Jamtail,24.4615545,89.7053442
Sirajganj,Kazipur,Chalitadangha,24.6544767,89.6345796
Sirajganj,Kazipur,Kazipur Sadar,24.6375004,89.64342769999999
Sirajganj,Kazipur,Monsur Nagar,24.7496995,89.7473837
Sirajganj,Kazipur,Subhagacha,24.6544767,89.6345796
Sirajganj,Raigonj,Brommogacha,24.5456086,89.5928307
Sirajganj,Raigonj,Chandaikona,24.5527848,89.50414669999999
Sirajganj,Shahjadpur,Kayempure,24.1759393,89.5946484
Sirajganj,Shahjadpur,Garadah,24.1759393,89.5946484
Sirajganj,Shahjadpur,Potazia,24.1637887,89.56335109999999
Sirajganj,Shahjadpur,Rupbati,24.1211604,89.6330306
Sirajganj,Shahjadpur,Porzona,24.1759393,89.5946484
Sirajganj,Shahjadpur,Habibullah Nagar,24.1704257,89.6080552
Sirajganj,Shahjadpur,Koizuri,24.1759393,89.5946484
Sirajganj,Shahjadpur,Sonatoni,24.1759393,89.5946484
Sirajganj,Sirajganj Sadar,Bagbati,24.5354616,89.61803359999999
Sirajganj,Sirajganj Sadar,Bohuli,24.4711071,89.6567225
Sirajganj,Sirajganj Sadar,Sheyalkol,24.4524175,89.7045249
Sirajganj,Sirajganj Sadar,Khokshabari,24.4852406,89.69284809999999
Sirajganj,Sirajganj Sadar,Songacha,24.5102605,89.6511013
Sirajganj,Sirajganj Sadar,Mesra,24.4524175,89.7045249
Sirajganj,Sirajganj Sadar,Kowakhola,24.4524175,89.7045249
Sirajganj,Sirajganj Sadar,Kaliahoripur,24.4524175,89.7045249
Sirajganj,Sirajganj Sadar,Soydabad,24.3925385,89.7057076
Sirajganj,Tarash,Talam,24.5347556,89.35114949999999
Sirajganj,Tarash,Soguna,24.4157827,89.3132061
Sirajganj,Ullapara,Ullapara Sadar,24.312775,89.5684902
Sirajganj,Ullapara,Ramkrisnopur,24.3925576,89.44585099999999
Sirajganj,Ullapara,Boropangashi,24.4615545,89.7053442
Sirajganj,Ullapara,Purnimagati,24.3386273,89.53265999999999
Sirajganj,Ullapara,Borohor,24.4615545,89.7053442
Sirajganj,Ullapara,Ponchocroshi,24.312775,89.5684902
Sirajganj,Ullapara,Salo,24.4615545,89.7053442
Pabna,Sujanagar,Tantibonda,23.9373592,89.4173363
Pabna,Sujanagar,Ahammadpur,23.9373592,89.4173363
Pabna,Sujanagar,Sagorkandi,23.9373592,89.4173363
Pabna,Ishurdi,Luxmikunda,24.0298034,89.0817378
Pabna,Pabna Sadar,Ataikula,24.0313053,89.4068138
Pabna,Pabna Sadar,Dogachi,23.9822466,89.2914454
Pabna,Bera,Notun Varenga,24.0769424,89.61545199999999
Pabna,Bera,Jatsakhini,24.0769424,89.61545199999999
Pabna,Bera,Puran Varenga,24.0769424,89.61545199999999
Pabna,Atghoria,Chandba,24.012203,89.2467613
Pabna,Atghoria,Laxshmipur,24.083265,89.389057
Pabna,Chatmohar,Chhaikola,24.3213057,89.3123024
Pabna,Santhia,Karamja,24.0754002,89.5999549
Pabna,Santhia,Khetupara,23.8709936,89.48248749999999
Pabna,Santhia,Ar-Ataikula,24.0313053,89.4068138
Bogura,Kahaloo,Narhatta,24.8655242,89.25840889999999
Bogura,Shariakandi,Sariakandi Sadar,24.8887731,89.5709844
Bogura,Shariakandi,Hatfulbari,24.8797108,89.5409892
Bogura,Dupchanchia,Dupchanchia,24.8812002,89.17774200000001
Bogura,Adamdighi,Nasaratpur,24.8133774,89.07506649999999
Bogura,Adamdighi,Chapapur,24.8406015,89.3724769
Bogura,Sonatala,Zorgacha,25.039824,89.4978411
Bogura,Sonatala,Tekani Chukinagar,25.0090124,89.5513472
Bogura,Dhunot,Nimgachi,24.7533922,89.4960002
Bogura,Dhunot,Gossainbari,24.7391245,89.6041197
Bogura,Dhunot,Mothurapur,24.5770358,89.5450458
Bogura,Dhunot,Chowkibari,24.6779694,89.5403279
Bogura,Dhunot,Dhunat Sadar,24.6836842,89.54030019999999
Bogura,Sherpur,Shahbondegi,24.6599286,89.42199
Bogura,Shibganj,Moidanhatta,25.0391111,89.317951
Bogura,Shibganj,Kichok,25.0391111,89.317951
Bogura,Shibganj,Pirob,25.0391111,89.317951
Bogura,Shibganj,Deuly,25.0375911,89.38838600000001
Bogura,Shibganj,Sayedpur,25.0514489,89.4316601
Bogura,Shibganj,Raynagar,24.9798811,89.336925
Rajshahi,Paba,Darsanpara,24.4350479,88.64343079999999
Rajshahi,Paba,Damkura,24.4064398,88.5232509
Rajshahi,Paba,Horipur,24.3566983,88.5226886
Rajshahi,Paba,Horogram,24.382328,88.5625714
Rajshahi,Paba,Borgachi,24.4349057,88.6436696
Rajshahi,Durgapur,Naopara,24.5074668,88.7782541
Rajshahi,Durgapur,Kismatgankoir,24.4450645,88.7709835
Rajshahi,Durgapur,Pananagar,24.448278,88.80724149999999
Rajshahi,Durgapur,Joynogor,24.4889688,88.6964486
Rajshahi,Mohonpur,Dhuroil,24.5291123,88.6012957
Rajshahi,Mohonpur,Raighati,24.544858,88.63619589999999
Rajshahi,Mohonpur,Mougachi,24.50779,88.628773
Rajshahi,Mohonpur,Baksimoil,24.5472085,88.6469901
Rajshahi,Charghat,Yousufpur,24.3403347,88.6819958
Rajshahi,Charghat,Solua,24.2785308,88.75180499999999
Rajshahi,Charghat,Vialuxmipur,24.2785308,88.75180499999999
Rajshahi,Puthia,Baneswar,24.3666661,88.75503909999999
Rajshahi,Puthia,Valukgachi,24.3638464,88.8366628
Rajshahi,Puthia,Shilmaria,24.4857334,88.8796589
Rajshahi,Puthia,Jewpara,24.3874222,88.8624716
Rajshahi,Bagha,Gorgori,24.1970647,88.83692870000002
Rajshahi,Bagha,Monigram,24.210456,88.8046699
Rajshahi,Godagari,Mohonpur,24.5293444,88.37006679999999
Rajshahi,Godagari,Risikul,24.504861,88.4888194
Rajshahi,Godagari,Dewpara,24.441093,88.5234205
Rajshahi,Godagari,Asariadaha,24.387352,88.3383242
Rajshahi,Tanore,Panchandar,24.3746497,88.60036649999999
Rajshahi,Tanore,Talondo,24.6305155,88.5856008
Rajshahi,Bagmara,Gobindopara,24.6561614,88.7323729
Rajshahi,Bagmara,Nordas,24.5969612,88.83110219999999
Rajshahi,Bagmara,Dippur,24.5969612,88.83110219999999
Rajshahi,Bagmara,Borobihanoli,24.5969612,88.83110219999999
Rajshahi,Bagmara,Kacharikoalipara,24.9756198,89.3807678
Rajshahi,Bagmara,Suvodanga,24.5969612,88.83110219999999
Rajshahi,Bagmara,Mariaup,24.3746497,88.60036649999999
Rajshahi,Bagmara,Zhikara,24.5969612,88.83110219999999
Rajshahi,Bagmara,Gualkandi,24.3746497,88.60036649999999
Rajshahi,Bagmara,Hamirkutsa,24.558669,88.87274699999999
Natore,Natore Sadar,Biprobelghoria,24.4084122,88.9750353
Natore,Natore Sadar,Luxmipurkholabaria,24.4084122,88.9750353
Natore,Natore Sadar,Barahorispur,24.4084122,88.9750353
Natore,Natore Sadar,Kaphuria,24.4084122,88.9750353
Natore,Singra,Lalore,24.4797803,89.06092819999999
Natore,Singra,Sherkole,24.5037708,89.0991083
Natore,Singra,Tajpur,24.5396289,89.13725269999999
Natore,Singra,Chaugram,24.5339275,89.1801225
Natore,Baraigram,Zonail,24.3189334,89.1718573
Natore,Baraigram,Nagor,24.3189334,89.1718573
Natore,Baraigram,Majgoan,24.2958575,89.10387829999999
Natore,Baraigram,Chandai,24.2126858,89.1790707
Natore,Bagatipara,Jamnagor,24.3241547,88.88867839999999
Natore,Lalpur,Iswardi,24.170424,89.0035915
Natore,Lalpur,Chongdhupoil,24.2769269,88.97700010000001
Natore,Lalpur,Oalia,24.183431,88.9504192
Natore,Lalpur,Arjunpur,24.1855431,89.0442133
Natore,Lalpur,Kadimchilan,24.2270323,89.09096009999999
Natore,Gurudaspur,Moshindha,24.3684223,89.23309909999999
Joypurhat,Kalai,Punot,25.0626219,89.1746462
Joypurhat,Kalai,Udaipur,25.0626219,89.1746462
Joypurhat,Khetlal,Borail,24.9960384,89.1132689
Joypurhat,Khetlal,Tulshiganga,25.0385295,89.11955309999999
Joypurhat,Khetlal,Boratara,25.0385295,89.11955309999999
Joypurhat,Panchbibi,Mohammadpur,25.2509113,89.1541392
Joypurhat,Joypurhat Sadar,Bamb,25.1024205,89.0269604
Joypurhat,Joypurhat Sadar,Dogachi,25.1252613,88.9670896
Joypurhat,Joypurhat Sadar,Chakborkat,25.1515803,88.93456019999999
Joypurhat,Joypurhat Sadar,Bhadsha,25.1024205,89.0269604
Chapainawabganj,Chapainawabganj Sadar,Baroghoria,24.5925571,88.2705311
Chapainawabganj,Chapainawabganj Sadar,Moharajpur,24.6123826,88.22709789999999
Chapainawabganj,Chapainawabganj Sadar,Baliadanga,24.6302645,88.2777465
Chapainawabganj,Chapainawabganj Sadar,Gobratola,24.6912533,88.2866658
Chapainawabganj,Gomostapur,Rahanpur,24.8192293,88.3251456
Chapainawabganj,Gomostapur,Bangabari,24.8590714,88.2839369
Chapainawabganj,Gomostapur,Parbotipur,24.8841476,88.4306955
Chapainawabganj,Gomostapur,Gomostapur,24.7933883,88.2897742
Chapainawabganj,Nachol,Fhotepur,24.7326602,88.4137279
Chapainawabganj,Nachol,Kosba,24.7326602,88.4137279
Chapainawabganj,Nachol,Nezampur,24.6922419,88.4224088
Chapainawabganj,Nachol,Nachol,24.7326602,88.4137279
Chapainawabganj,Bholahat,Daldoli,24.9456529,88.2278608
Chapainawabganj,Shibganj,Durlovpur,24.6900457,88.1317466
Chapainawabganj,Shibganj,Monakasha,24.6837476,88.15719349999999
Chapainawabganj,Shibganj,Noyalavanga,24.6338229,88.1951899
Chapainawabganj,Shibganj,Chatrajitpur,24.6456517,88.1628525
Chapainawabganj,Shibganj,Shahabajpur,24.6837476,88.15719349999999
Chapainawabganj,Shibganj,Ujirpur,24.6837476,88.15719349999999
Naogaon,Mohadevpur,1nomohadevpur,24.917338,88.75173009999999
Naogaon,Mohadevpur,Chandas,24.8957627,88.6869344
Naogaon,Mohadevpur,Sofapur,24.917338,88.75173009999999
Naogaon,Mohadevpur,Vimpur,24.917338,88.75173009999999
Naogaon,Mohadevpur,Roygon,24.917338,88.75173009999999
Naogaon,Badalgachi,Badalgachi,24.9651224,88.9040046
Naogaon,Badalgachi,Mothurapur,25.0131603,88.93659760000001
Naogaon,Badalgachi,Bilashbari,25.0542383,88.9802756
Naogaon,Patnitala,Matindar,25.0612282,88.73247119999999
Naogaon,Patnitala,Patichrara,25.0498111,88.76250230000001
Naogaon,Patnitala,Ghasnagar,25.0498111,88.76250230000001
Naogaon,Niamatpur,Paroil,24.8005664,88.4863735
Naogaon,Niamatpur,Sremantapur,24.835542,88.56795939999999
Naogaon,Manda,Varsho,24.7056611,88.6500648
Naogaon,Manda,Valain,24.759933,88.7029407
Naogaon,Manda,Goneshpur,24.791959,88.7205256
Naogaon,Manda,Moinom,24.759933,88.7029407
Naogaon,Manda,Proshadpur,24.7608898,88.7087236
Naogaon,Manda,Kosomba,24.759933,88.7029407
Naogaon,Manda,Tetulia,24.759933,88.7029407
Naogaon,Manda,Kalikapur,24.6899051,88.7602225
Naogaon,Manda,Kashopara,24.759933,88.7029407
Naogaon,Manda,Koshob,24.759933,88.7029407
Naogaon,Manda,Bisnopur,24.6918048,88.81189239999999
Naogaon,Atrai,Shahagola,24.6791,88.97552
Naogaon,Atrai,Bhonpara,24.6492484,88.993032
Naogaon,Atrai,Maniary,24.6188664,88.98685320000001
Naogaon,Atrai,Kalikapur,24.6687831,88.90785269999999
Naogaon,Raninagar,Khatteshawr,24.7284859,88.95574979999999
Naogaon,Raninagar,Paroil,24.7760949,89.05182579999999
Naogaon,Raninagar,Borgoca,24.7284859,88.95574979999999
Naogaon,Naogaon Sadar,Kritipur,24.8884138,88.91264489999999
Naogaon,Naogaon Sadar,Hapaniya,24.8548459,88.88679909999999
Naogaon,Naogaon Sadar,Hashaigari,24.7936199,88.9317702
Naogaon,Naogaon Sadar,Bolihar,24.8397418,88.8124975
Naogaon,Naogaon Sadar,Shekerpur,24.7936199,88.9317702
Naogaon,Naogaon Sadar,Shailgachhi,24.7485565,88.9315756
Naogaon,Porsha,Nitpur,25.0244146,88.4531825
Naogaon,Porsha,Chhaor,24.9559274,88.4888194
Naogaon,Porsha,Moshidpur,24.9517267,88.6246218
Jashore,Abhaynagar,Subharara,23.0063036,89.4789435
Jashore,Chougachha,Chougachha,23.2630483,89.020432
Jashore,Chougachha,Patibila,23.2990172,89.0346588
Jashore,Chougachha,Fulsara,23.237803,89.07707669999999
Jashore,Chougachha,Hakimpur,23.3377613,89.0418249
Jashore,Jhikargacha,Gangananda,23.1004467,89.09922159999999
Jashore,Jhikargacha,Jhikargachha,23.1004467,89.09922159999999
Jashore,Jhikargacha,Hajirbagh,23.1004467,89.09922159999999
Jashore,Keshabpur,Mongolkot,22.8684915,89.275227
Jashore,Jessore Sadar,Upasahar,23.1809501,89.2205692
Jashore,Jessore Sadar,Kachua,23.1485192,89.2894733
Jashore,Jessore Sadar,Narendrapur,23.1273448,89.2893023
Jashore,Jessore Sadar,Noapara,23.1959421,89.2419658
Jashore,Jessore Sadar,Ramnagar,23.1065862,89.237212
Jashore,Jessore Sadar,Dearamodel,23.1778945,89.1800385
Jashore,Sharsha,Ulshi,23.0550582,88.9516415
Jashore,Sharsha,Bagachra,22.9561427,88.96532260000001
Satkhira,Assasuni,Durgapur,22.606053,89.2181911
Satkhira,Kalaroa,Jogikhali,22.885415,89.0895666
Satkhira,Kalaroa,Deara,22.9213189,89.1181849
Meherpur,Mujibnagar,Bagowan,23.6456492,88.6253413
Meherpur,Mujibnagar,Mohajanpur,23.6550125,88.6759723
Meherpur,Meherpur Sadar,Amdah,23.7320031,88.63499
Meherpur,Gangni,Bamondi,23.892559,88.80949059999999
Meherpur,Gangni,Motmura,23.8968624,88.83974669999999
Meherpur,Gangni,Sholotaka,23.8529135,88.7962635
Meherpur,Gangni,Dhankolla,23.8206519,88.74218309999999
Meherpur,Gangni,Raipur,23.7499346,88.64463649999999
Narail,Narail Sadar,Sheikhati,23.1767937,89.50345209999999
Narail,Narail Sadar,Shahabad,23.1733806,89.5004273
Narail,Narail Sadar,Bashgram,23.1122812,89.5526148
Narail,Narail Sadar,Habokhali,23.1733806,89.5004273
Narail,Narail Sadar,Maijpara,23.2367049,89.45861049999999
Narail,Narail Sadar,Bisali,23.1733806,89.5004273
Narail,Narail Sadar,Chandiborpur,23.1733806,89.5004273
Narail,Narail Sadar,Singasholpur,23.1733806,89.5004273
Narail,Lohagara,Lohagora,23.180944,89.6476857
Narail,Lohagara,Salnagar,23.1824543,89.6509966
Narail,Lohagara,Kotakol,23.1347099,89.6722917
Narail,Lohagara,Digholia,23.1139437,89.62987240000001
Narail,Kalia,Jaynagor,23.0381083,89.6325419
Narail,Kalia,Pahordanga,23.0381139,89.6325445
Narail,Kalia,Babrahasla,23.0381083,89.6325419
Narail,Kalia,Baioshona,23.0381083,89.6325419
Narail,Kalia,Chacuri,23.0381083,89.6325419
Narail,Kalia,Peroli,22.9846509,89.55758159999999
Narail,Kalia,Khashial,23.0740328,89.7049858
Narail,Kalia,Boronaleliasabad,23.0381083,89.6325419
Narail,Kalia,Panchgram,23.0381083,89.6325419
Chuadanga,Chuadanga Sadar,Alukdia,23.6576683,88.8214984
Chuadanga,Chuadanga Sadar,Titudah,23.54227,88.9102489
Chuadanga,Chuadanga Sadar,Begumpur,23.5264809,88.8707474
Chuadanga,Alamdanga,Bhangbaria,23.8089366,88.8544666
Chuadanga,Alamdanga,Belgachi,23.7173373,88.95992559999999
Chuadanga,Alamdanga,Nagdah,23.6857317,88.9173383
Chuadanga,Alamdanga,Kashkorara,23.6528958,88.9892448
Chuadanga,Alamdanga,Chitla,23.7200508,88.80949059999999
Chuadanga,Alamdanga,Ailhash,23.7602632,88.9489423
Chuadanga,Damurhuda,Karpashdanga,23.5763612,88.69885690000001
Chuadanga,Damurhuda,Hawli,23.5996067,88.77268819999999
Chuadanga,Damurhuda,Kurulgachhi,23.5550892,88.7283624
Chuadanga,Damurhuda,Perkrishnopur Madna,23.5223549,88.7819543
Chuadanga,Jibannagar,Shimanto,23.420935,88.822277
Chuadanga,Jibannagar,Raypur,23.420935,88.822277
Chuadanga,Jibannagar,Hasadah,23.4026853,88.8718077
Kushtia,Kushtia Sadar,Hatash Haripur,23.8906952,89.1098554
Kushtia,Kushtia Sadar,Bottail,23.8799007,89.0920225
Kushtia,Kushtia Sadar,Ziaraakhi,23.8799007,89.0920225
Kushtia,Kushtia Sadar,Patikabari,23.8,88.9599999
Kushtia,Kushtia Sadar,Abdulpur,23.742877,89.10864769999999
Kushtia,Kushtia Sadar,Monohardia,23.7186214,89.0322699
Kushtia,Kushtia Sadar,Goswami Durgapur,23.7706302,89.0030247
Kushtia,Kumarkhali,Jagonnathpur,23.8620935,89.2408504
Kushtia,Kumarkhali,Sadki,23.8620935,89.2408504
Kushtia,Kumarkhali,Shelaidah,23.9129961,89.2158128
Kushtia,Kumarkhali,Nandolalpur,23.8620935,89.2408504
Kushtia,Kumarkhali,Chadpur,23.848506,89.1498561
Kushtia,Kumarkhali,Charsadipur,23.8620935,89.2408504
Kushtia,Khoksa,Joyntihazra,23.8033041,89.2894733
Kushtia,Khoksa,Bethbaria,23.8033041,89.2894733
Kushtia,Khoksa,Shomospur,23.8360988,89.3060878
Kushtia,Mirpur,Chithalia,23.9496292,88.961272
Kushtia,Mirpur,Dhubail,23.964751,88.98344159999999
Kushtia,Daulatpur,Hogolbaria,24.0312718,88.9060847
Kushtia,Daulatpur,Philipnagor,24.0719459,88.8224297
Kushtia,Daulatpur,Chilmary,24.1271845,88.7782541
Kushtia,Daulatpur,Mothurapur,24.0383446,88.8214984
Kushtia,Daulatpur,Pragpur,24.0111554,88.7662339
Kushtia,Daulatpur,Piarpur,24.008575,88.9395468
Kushtia,Daulatpur,Moricha,24.0031127,88.8759694
Kushtia,Daulatpur,Refaitpur,24.0024737,88.8937541
Kushtia,Daulatpur,Ramkrishnopur,24.0031127,88.8759694
Kushtia,Bheramara,Mukarimpur,24.017461,88.99309339999999
Kushtia,Bheramara,Juniadah,24.0904538,88.92453739999999
Magura,Shalikha,Gongarampur,23.292083,89.45058019999999
Magura,Sreepur,Goyespur,23.6371037,89.3843206
Magura,Sreepur,Shobdalpur,23.5693952,89.4524679
Magura,Sreepur,Amalshar,23.5939475,89.39756299999999
Magura,Magura Sadar,Atharokhada,23.5028415,89.40398789999999
Magura,Magura Sadar,Kosundi,23.4857954,89.4190136
Magura,Magura Sadar,Bogia,23.4745869,89.47353939999999
Magura,Magura Sadar,Raghobdair,23.4216249,89.32968939999999
Magura,Magura Sadar,Chawlia,23.4857954,89.4190136
Magura,Magura Sadar,Satrijitpur,23.4857954,89.4190136
Magura,Magura Sadar,Baroilpolita,23.4857954,89.4190136
Magura,Magura Sadar,Moghi,23.4857954,89.4190136
Magura,Mohammadpur,Nohata,23.3370352,89.5207133
Magura,Mohammadpur,Binodpur,23.4424685,89.5003976
Khulna,Paikgasa,Horidhali,22.593841,89.3126166
Khulna,Paikgasa,Goroikhali,22.593841,89.3126166
Khulna,Paikgasa,Kopilmuni,22.8373287,89.54004719999999
Khulna,Paikgasa,Lota,22.593841,89.3126166
Khulna,Paikgasa,Loskor,22.593841,89.3126166
Khulna,Paikgasa,Godaipur,22.6204074,89.3013569
Khulna,Paikgasa,Soladana,22.593841,89.3126166
Khulna,Fultola,Fultola,22.9705775,89.45055099999999
Khulna,Fultola,Atra Gilatola,22.9333879,89.49636930000001
Khulna,Digholia,Gajirhat,22.8952823,89.5219527
Khulna,Digholia,Barakpur,22.9191362,89.528419
Khulna,Digholia,Aronghata,22.8514713,89.4978411
Khulna,Digholia,Jogipol,22.900868,89.50585590000001
Khulna,Digholia,Digholia,22.8952823,89.5219527
Khulna,Rupsha,Aichgati,22.8237532,89.5701004
Khulna,Rupsha,Srifoltola,22.8004577,89.5868179
Khulna,Rupsha,Noihati,22.7988437,89.6126615
Khulna,Rupsha,Tsb,22.7804336,89.6769193
Khulna,Rupsha,Ghatvog,22.8004577,89.5868179
Khulna,Terokhada,Chagladoho,22.9353223,89.6675144
Khulna,Terokhada,Sochiadaho,22.9353223,89.6675144
Khulna,Terokhada,Modhupur,22.8934565,89.59690599999999
Khulna,Terokhada,Ajgora,22.9353223,89.6675144
Khulna,Dumuria,Magurghona,22.8052037,89.41940240000001
Khulna,Dumuria,Vandarpara,22.8373287,89.54004719999999
Khulna,Dumuria,Sahos,22.8051822,89.4193885
Khulna,Dumuria,Rudaghora,22.8051822,89.4193885
Khulna,Dumuria,Ghutudia,22.8051822,89.4193885
Khulna,Dumuria,Shovna,22.8051822,89.4193885
Khulna,Dumuria,Khornia,22.8237568,89.35032939999999
Khulna,Dumuria,Rongpur,22.8930687,89.46476439999999
Khulna,Dumuria,Shorafpur,23.0713025,89.0454074
Khulna,Botiaghata,Botiaghata,22.7263608,89.5025641
Khulna,Botiaghata,Gongarampur,22.7263608,89.5025641
Khulna,Botiaghata,Vandarkot,22.7263608,89.5025641
Khulna,Botiaghata,Jolma,22.7983653,89.5287859
Khulna,Dakop,Dakop,22.6049011,89.5198862
Khulna,Dakop,Laudoba,22.6049011,89.5198862
Khulna,Dakop,Koilashgonj,22.6049011,89.5198862
Khulna,Koyra,Moharajpur,22.3515842,89.2859122
Khulna,Koyra,Moheswaripur,22.4561374,89.3365623
Khulna,Koyra,North Bedkashi,22.3024669,89.2989681
Khulna,Koyra,South Bedkashi,22.2409052,89.31742709999999
Bagerhat,Fakirhat,Bahirdia-Mansa,22.7804336,89.6769193
Bagerhat,Fakirhat,Naldha-Mouvhog,22.7775173,89.70741919999999
Bagerhat,Fakirhat,Suvhadia,22.777513,89.7074695
Bagerhat,Bagerhat Sadar,Bamorta,22.6562568,89.7950346
Bagerhat,Bagerhat Sadar,Bishnapur,22.7329749,89.80834990000001
Bagerhat,Bagerhat Sadar,Baruipara,22.7507954,89.7661527
Bagerhat,Bagerhat Sadar,Jatharapur,22.7269013,89.7286056
Bagerhat,Bagerhat Sadar,Shaitgomboj,22.6553928,89.7286056
Bagerhat,Bagerhat Sadar,Rakhalgachi,22.7029607,89.6722171
Bagerhat,Mollahat,Udoypur,22.9266143,89.80600679999999
Bagerhat,Sarankhola,Dhanshagor,22.3860531,89.79478449999999
Bagerhat,Sarankhola,Rayenda,22.3143368,89.8516714
Bagerhat,Sarankhola,Southkhali,22.2502274,89.8224054
Bagerhat,Rampal,Gouramva,22.5837317,89.6721038
Bagerhat,Rampal,Uzzalkur,22.5837317,89.6721038
Bagerhat,Rampal,Vospatia,22.5837317,89.6721038
Bagerhat,Rampal,Mollikerbar,22.5837317,89.6721038
Bagerhat,Rampal,Bastoli,22.5837317,89.6721038
Bagerhat,Morrelganj,Jiudhara,22.4647117,89.7473837
Bagerhat,Morrelganj,Khaulia,22.4499409,89.85284159999999
Bagerhat,Kachua,Gojalia,22.6526581,89.8855469
Bagerhat,Kachua,Moghia,22.6853874,89.901957
Bagerhat,Mongla,Burrirdangga,22.5304661,89.5901274
Bagerhat,Mongla,Sonailtala,22.5304664,89.5901256
Bagerhat,Mongla,Chadpai,22.4937108,89.64345259999999
Bagerhat,Chitalmari,Barobaria,22.7904387,89.8778169
Bagerhat,Chitalmari,Shibpur,22.8164523,89.8645414
Bagerhat,Chitalmari,Charbaniri,22.7904387,89.8778169
Bagerhat,Chitalmari,Shantoshpur,22.7568884,89.8926065
Jhenaidah,Jhenaidah Sadar,Modhuhati,23.54493,89.1725247
Jhenaidah,Jhenaidah Sadar,Maharazpur,23.493977,89.11948679999999
Jhenaidah,Jhenaidah Sadar,Harishongkorpur,23.54493,89.1725247
Jhenaidah,Jhenaidah Sadar,Furshondi,23.54493,89.1725247
Jhenaidah,Shailkupa,Dignagore,23.6840828,89.2419658
Jhenaidah,Shailkupa,Dhaloharachandra,23.6840828,89.2419658
Jhenaidah,Shailkupa,Bogura,23.6220011,89.32981079999999
Jhenaidah,Shailkupa,Dudshar,23.6233244,89.197587
Jhenaidah,Harinakundu,Joradah,23.7212101,89.0718895
Jhenaidah,Harinakundu,Kapashatia,23.600963,89.09584079999999
Jhenaidah,Harinakundu,Falsi,23.6486567,89.0453399
Jhenaidah,Kaliganj,Raygram,23.3562518,89.1515476
Jhenaidah,Moheshpur,Sbk,23.3906336,88.93180819999999
Jhenaidah,Moheshpur,Fatepur,23.3905022,88.91264489999999
Jhenaidah,Moheshpur,Manderbaria,23.2941159,88.95460369999999
Jhalakathi,Kathalia,Patikhalghata,22.4410253,90.14063159999999
Jhalakathi,Kathalia,Shaulajalia,22.4410067,90.1401381
Jhalakathi,Nalchity,Kulkathi,22.6282923,90.2688178
Jhalakathi,Nalchity,Bharabpasha,22.6494713,90.2479232
Patuakhali,Bauphal,Nawmala,22.4192529,90.55651379999999
Patuakhali,Bauphal,Najirpur,22.4192529,90.55651379999999
Patuakhali,Bauphal,Boga,22.4263072,90.4638264
Patuakhali,Bauphal,Shurjamoni,22.4192529,90.55651379999999
Patuakhali,Bauphal,Kachipara,22.5040248,90.4677413
Patuakhali,Patuakhali Sadar,Laukathi,22.3677771,90.3471047
Patuakhali,Patuakhali Sadar,Jainkathi,22.3587792,90.34523809999999
Patuakhali,Patuakhali Sadar,Itbaria,22.3666495,90.2874193
Patuakhali,Patuakhali Sadar,Chotobighai,22.3587792,90.34523809999999
Patuakhali,Patuakhali Sadar,Borobighai,22.3587792,90.34523809999999
Patuakhali,Dumki,Pangasia,22.4351163,90.3134474
Patuakhali,Dumki,Labukhali,22.4611639,90.3415205
Patuakhali,Dashmina,Bashbaria,22.3095458,90.60798290000001
Patuakhali,Dashmina,Betagi Shankipur,22.3508852,90.5021589
Patuakhali,Dashmina,Baharampur,22.3418604,90.5774405
Patuakhali,Kalapara,Chakamaia,22.05,90.2099999
Patuakhali,Kalapara,Mithagonj,21.9570915,90.2393979
Patuakhali,Kalapara,Nilgonj,21.9402491,90.1588618
Patuakhali,Kalapara,Dulaser,21.9848767,90.23150179999999
Patuakhali,Kalapara,Mahipur,21.86,90.13
Patuakhali,Kalapara,Dalbugonj,21.8927142,90.17509559999999
Patuakhali,Mirzaganj,Amragachia,22.4039496,90.19624549999999
Patuakhali,Mirzaganj,Majidbaria,22.2699471,90.18407520000001
Patuakhali,Galachipa,Charkajol,22.0705819,90.5446912
Patuakhali,Galachipa,Kalagachhia,22.2914934,90.4266584
Patuakhali,Rangabali,Barobaisdia,21.9397378,90.44080369999999
Patuakhali,Rangabali,Chattobaisdia,21.9397378,90.44080369999999
Pirojpur,Pirojpur Sadar,Shikder Mallik,22.6615691,89.9393363
Pirojpur,Pirojpur Sadar,Kodomtala,22.6258163,89.9486754
Pirojpur,Pirojpur Sadar,Kolakhali,22.6377426,90.0139908
Pirojpur,Pirojpur Sadar,Shariktola,22.5662278,90.0139908
Pirojpur,Pirojpur Sadar,Shankorpasa,22.5423885,89.9860092
Pirojpur,Nazirpur,Mativangga,22.7688264,89.9299949
Pirojpur,Nazirpur,Daulbari Dobra,22.8224676,90.0093266
Pirojpur,Nazirpur,Sriramkathi,22.6973338,89.97667919999999
Pirojpur,Nazirpur,Shakhmatia,22.7092291,89.91130520000002
Pirojpur,Nazirpur,Nazirpur Sadar,22.7330837,89.9580123
Pirojpur,Nazirpur,Shakharikathi,22.7867163,89.9813445
Pirojpur,Kawkhali,Sayna Rogunathpur,22.6258211,90.03265309999999
Pirojpur,Kawkhali,Amrazuri,22.6496468,90.07000509999999
Pirojpur,Kawkhali,Kawkhali Sadar,22.6015875,90.0773436
Pirojpur,Kawkhali,Shialkhathi,22.5764449,90.05447029999999
Pirojpur,Bhandaria,Vitabaria,22.4832118,90.0591175
Pirojpur,Bhandaria,Nodmulla,22.4832118,90.0591175
Pirojpur,Bhandaria,Ekree,22.4832118,90.0591175
Pirojpur,Bhandaria,Vandaria Sadar,22.4837629,90.0585129
Pirojpur,Bhandaria,Gouripur,22.4708389,90.09804299999999
Pirojpur,Mathbaria,Tuskhali,22.3598418,89.93408199999999
Pirojpur,Mathbaria,Betmor Rajpara,22.199652,89.9743463
Pirojpur,Mathbaria,Amragachia,22.2457246,89.9134401
Pirojpur,Mathbaria,Shapleza,22.2163577,89.9138206
Pirojpur,Mathbaria,Baramasua,22.3055448,89.9006134
Pirojpur,Mathbaria,Haltagulishakhali,22.2920455,89.9580123
Pirojpur,Nesarabad,Boldia,22.7449644,90.1167463
Pirojpur,Nesarabad,Atghorkuriana,22.7449328,90.15418000000001
Pirojpur,Nesarabad,Jolabari,22.7092112,90.1167463
Pirojpur,Nesarabad,Doyhary,22.7211659,90.04198769999999
Pirojpur,Nesarabad,Somudoykathi,22.6734632,90.1073935
Pirojpur,Nesarabad,Sutiakathi,22.755384,90.08442699999999
Pirojpur,Nesarabad,Sarengkathi,22.7092383,90.07000509999999
Pirojpur,Nesarabad,Shorupkathi,22.7449644,90.1167463
Barisal,Barisal Sadar,Raipasha Karapur,22.7010325,90.3534708
Barisal,Barisal Sadar,Shyastabad,22.7010325,90.3534708
Barisal,Barisal Sadar,Zagua,22.6657142,90.3289585
Barisal,Barisal Sadar,Charcowa,22.7010325,90.3534708
Barisal,Bakerganj,Charade,22.5420895,90.3325567
Barisal,Bakerganj,Kalashkathi,22.5408653,90.3332458
Barisal,Bakerganj,Padreeshibpur,22.5033767,90.297229
Barisal,Bakerganj,Niamoti,22.5408653,90.3332458
Barisal,Babuganj,Jahangir Nagar,22.8173132,90.324615
Barisal,Babuganj,Kaderpur,22.8173132,90.324615
Barisal,Babuganj,Deherhoti,22.8281718,90.2854839
Barisal,Babuganj,Rahamtpur,22.8162026,90.31367809999999
Barisal,Babuganj,Madhbpasha,22.8173132,90.324615
Barisal,Wazirpur,Shatla,22.9100996,90.06293409999999
Barisal,Wazirpur,Sholok,22.8193437,90.2502935
Barisal,Wazirpur,Barakhota,22.8193437,90.2502935
Barisal,Wazirpur,Shikerpur Wazirpur,22.8282195,90.25730999999999
Barisal,Wazirpur,Gouthia,22.8193437,90.2502935
Barisal,Banaripara,Bisharkandi,22.8462939,90.04665589999999
Barisal,Banaripara,Illuhar,22.7687676,90.15418000000001
Barisal,Banaripara,Sayedkathi,22.8283689,90.13545859999999
Barisal,Banaripara,Baishari,22.7926187,90.13545859999999
Barisal,Banaripara,Udykhati,22.8164735,90.1073935
Barisal,Agailjhara,Rajihar,23.0040959,90.16120289999999
Barisal,Agailjhara,Goila,22.9633216,90.17966249999999
Barisal,Mehendiganj,Andarmanik,22.8260701,90.5269639
Barisal,Mehendiganj,Charakkorea,22.8260701,90.5269639
Barisal,Mehendiganj,Mehendigong,22.8260701,90.5269639
Barisal,Mehendiganj,Biddanandapur,22.817753,90.4300538
Barisal,Mehendiganj,Bhashanchar,22.8260701,90.5269639
Barisal,Mehendiganj,Darirchar Khajuria,22.8260701,90.5269639
Barisal,Muladi,Gaschua,22.8875337,90.3889622
Barisal,Muladi,Charkalekha,22.9747513,90.39114110000001
Barisal,Hizla,Barjalia,22.9016205,90.5096607
Barisal,Hizla,Hizla Gourabdi,22.9437321,90.5710745
Bhola,Bhola Sadar,Razapur,22.7974708,90.61094299999999
Bhola,Bhola Sadar,Ilisha,22.7794693,90.6477269
Bhola,Bhola Sadar,Westilisa,22.6854519,90.64388369999999
Bhola,Bhola Sadar,Alinagor,22.6854999,90.6439446
Bhola,Bhola Sadar,Charshamya,22.6854519,90.64388369999999
Bhola,Bhola Sadar,Vhelumia,22.6854519,90.64388369999999
Bhola,Bhola Sadar,North Digholdi,22.610117,90.65037799999999
Bhola,Bhola Sadar,South Digholdi,22.5734213,90.64514919999999
Bhola,Borhan Sddin,Boromanika,22.4975955,90.71646199999999
Bhola,Borhan Sddin,Kutuba,22.1785315,90.7101023
Bhola,Charfesson,Osmangonj,22.1995354,90.7259605
Bhola,Charfesson,Zinnagor,22.1995354,90.7259605
Bhola,Charfesson,Nilkomol,22.1995354,90.7259605
Bhola,Charfesson,Charmadraj,22.1995354,90.7259605
Bhola,Charfesson,Awajpur,22.1995354,90.7259605
Bhola,Charfesson,Awajpur,22.1995354,90.7259605
Bhola,Charfesson,Charkolmi,22.1995354,90.7259605
Bhola,Charfesson,Hazarigonj,22.1995354,90.7259605
Bhola,Charfesson,Kukrimukri,22.1995354,90.7259605
Bhola,Charfesson,Abdullahpur,22.1995354,90.7259605
Bhola,Charfesson,Dalchar,22.1995354,90.7259605
Bhola,Doulatkhan,Madua,22.6051091,90.7413661
Bhola,Doulatkhan,North Joy Nagar,22.6051091,90.7413661
Bhola,Doulatkhan,South Joy Nagar,22.6051091,90.7413661
Bhola,Doulatkhan,Char Khalipa,22.6051091,90.7413661
Bhola,Doulatkhan,Sayedpur,22.5764581,90.7390245
Bhola,Doulatkhan,Hazipur,22.5939939,90.810357
Bhola,Doulatkhan,Vhovanipur,22.5957545,90.7544692
Bhola,Monpura,Hazirhat,22.25836,90.96635649999999
Bhola,Monpura,Monpura,22.25836,90.96635649999999
Bhola,Monpura,North Sakuchia,22.1896517,90.956068
Bhola,Monpura,South Sakuchia,22.1896517,90.956068
Bhola,Tazumuddin,Shambupur,22.4179785,90.85083449999999
Bhola,Tazumuddin,Chadpur,22.42453,90.83571599999999
Bhola,Tazumuddin,Baro Molongchora,22.4179785,90.85083449999999
Bhola,Lalmohan,Dholigour Nagar,22.3410744,90.7318981
Bhola,Lalmohan,Lord Hardinge,22.3404052,90.7347111
Bhola,Lalmohan,Ramagonj,22.2577734,90.74420889999999
Bhola,Lalmohan,Farajgonj,22.3410744,90.7318981
Barguna,Amtali,Gulishakhali,22.22166,90.2323385
Barguna,Amtali,Athrogasia,22.1331256,90.23055169999999
Barguna,Amtali,Chotobogi,22.1331256,90.23055169999999
Barguna,Amtali,Arpangasia,22.0943123,90.2053681
Barguna,Barguna Sadar,Noltona,22.1604747,90.1200741
Barguna,Barguna Sadar,Bodorkhali,22.1604747,90.1200741
Barguna,Barguna Sadar,Gowrichanna,22.2128199,90.113159
Barguna,Barguna Sadar,Fuljhuri,22.2134804,90.075767
Barguna,Barguna Sadar,Burirchor,22.1604747,90.1200741
Barguna,Betagi,Buramajumder,22.4141607,90.1658856
Barguna,Betagi,Sarisamuri,22.4141607,90.1658856
Barguna,Bamna,Doutola,22.3128887,90.0910316
Barguna,Pathorghata,Charduany,22.0386917,89.9696802
Barguna,Taltali,Karibaria,22.0199319,90.1592908
Barguna,Taltali,Chhotabagi,22.0177937,90.1073935
Barguna,Taltali,Sarikkhali,22.0296512,90.1822792
Sylhet,Balaganj,East Poilanpur,24.6548635,91.8240007
Sylhet,Balaganj,Boaljur,24.6912998,91.7982675
Sylhet,Balaganj,West Gouripur,24.9047808,91.86000790000001
Sylhet,Balaganj,East Gouripur,24.9047808,91.86000790000001
Sylhet,Beanibazar,Dubag,24.8219613,92.1585314
Sylhet,Beanibazar,Mullapur,24.7976415,92.15439490000001
Sylhet,Bishwanath,Khajanchi,24.8775491,91.7710192
Sylhet,Bishwanath,Alankari,24.9047808,91.86000790000001
Sylhet,Bishwanath,Dewkalash,24.7546976,91.7079676
Sylhet,Bishwanath,Doshghar,24.7860644,91.6811452
Sylhet,Companiganj,Islampur Paschim,25.0957058,91.7441475
Sylhet,Companiganj,Islampur Purba,25.1189573,91.7830973
Sylhet,Companiganj,Uttor Ronikhai,25.0881669,91.7550986
Sylhet,Companiganj,Dakkin Ronikhai,25.0881669,91.7550986
Sylhet,Fenchuganj,Ghilachora,24.6737686,91.99218789999999
Sylhet,Fenchuganj,Uttar Kushiara,24.9047808,91.86000790000001
Sylhet,Fenchuganj,Uttar Fenchuganj,24.6994203,91.9458538
Sylhet,Golapganj,Golapganj,24.857422,92.0136994
Sylhet,Golapganj,Budhbaribazar,24.857422,92.0136994
Sylhet,Golapganj,Sharifganj,24.857422,92.0136994
Sylhet,Golapganj,West Amura,24.858097,92.0150492
Sylhet,Gowainghat,Fothepur,24.9918318,92.0421301
Sylhet,Gowainghat,Daubari,25.0363008,91.9905996
Sylhet,Jaintiapur,Charikatha,25.1349003,92.1223018
Sylhet,Jaintiapur,Darbast,25.1349003,92.1223018
Sylhet,Jaintiapur,Chiknagul,24.9047808,91.86000790000001
Sylhet,Kanaighat,Rajagonj,24.9066434,92.0683815
Sylhet,Kanaighat,Lakshiprashad Purbo,24.9104359,92.1255736
Sylhet,Kanaighat,Lakshiprashad Pashim,25.0088198,92.25565429999999
Sylhet,Kanaighat,Digirpar Purbo,24.999444,92.3362464
Sylhet,Kanaighat,Satbakh,25.0007313,92.28963259999999
Sylhet,Kanaighat,Barachotul,25.0088198,92.25565429999999
Sylhet,Kanaighat,Dakhin Banigram,24.9654821,92.17941359999999
Sylhet,Kanaighat,Jinghabari,24.9603293,92.1253854
Sylhet,Sylhet Sadar,Hatkhula,24.9047808,91.86000790000001
Sylhet,Sylhet Sadar,Tultikor,24.8818213,91.89893400000001
Sylhet,Sylhet Sadar,Mugolgaon,24.9047808,91.86000790000001
Sylhet,Zakiganj,Barohal,24.9580125,92.2827384
Sylhet,Zakiganj,Birorsri,24.8772973,92.3698184
Sylhet,Zakiganj,Kajalshah,24.8772973,92.3698184
Sylhet,Zakiganj,Kolachora,24.8772973,92.3698184
Sylhet,Zakiganj,Barothakuri,24.8859766,92.4844571
Sylhet,Zakiganj,Kaskanakpur,24.9384879,92.4561942
Sylhet,Dakshinsurma,Boroikandi,24.8848096,91.8457662
Sylhet,Dakshinsurma,Kuchai,24.8624653,91.9050391
Sylhet,Osmaninagar,Tazpur,24.7237913,91.7503522
Sylhet,Osmaninagar,Umorpur,24.7190186,91.74658079999999
Sylhet,Osmaninagar,West Poilanpur,24.7190186,91.74658079999999
Sylhet,Osmaninagar,Burungabazar,24.7190186,91.74658079999999
Sylhet,Osmaninagar,Goalabazar,24.7066434,91.7315206
Sylhet,Osmaninagar,Doyamir,24.7190186,91.74658079999999
Sylhet,Osmaninagar,Usmanpur,24.7242613,91.8050859
Moulvibazar,Barlekha,Talimpur,24.7254285,92.1671288
Moulvibazar,Barlekha,Borni,24.70733,92.1917125
Moulvibazar,Barlekha,Nizbahadurpur,24.707272,92.19170179999999
Moulvibazar,Barlekha,Uttar Shahbajpur,24.7568324,92.2172034
Moulvibazar,Barlekha,Dakkhin Shahbajpur,24.7568324,92.2172034
Moulvibazar,Barlekha,Talimpur,24.7254285,92.1671288
Moulvibazar,Barlekha,Baralekha,24.707272,92.19170179999999
Moulvibazar,Barlekha,Dakshinbhag Uttar,24.6379851,92.16038329999999
Moulvibazar,Barlekha,Dakshinbhag Dakkhin,24.6379851,92.16038329999999
Moulvibazar,Kamolganj,Kamalgonj,24.359753,91.87662259999999
Moulvibazar,Kulaura,Bhukshimail,24.6174466,92.037116
Moulvibazar,Kulaura,Brammanbazar,24.5165306,91.977812
Moulvibazar,Kulaura,Kadipur,24.5361971,92.00895550000001
Moulvibazar,Kulaura,Rauthgaon,24.4736216,91.999804
Moulvibazar,Kulaura,Prithimpassa,24.4448354,91.9947864
Moulvibazar,Kulaura,Kormodha,24.5225457,92.0343996
Moulvibazar,Kulaura,Hazipur,24.4182044,91.9422211
Moulvibazar,Moulvibazar Sadar,Monumukh,24.4843071,91.7685278
Moulvibazar,Moulvibazar Sadar,Apar Kagabala,24.4828471,91.62993379999999
Moulvibazar,Moulvibazar Sadar,Chadnighat,24.4943113,91.77389800000002
Moulvibazar,Moulvibazar Sadar,Konokpur,24.5137123,91.7252937
Moulvibazar,Rajnagar,Fotepur,24.596678,91.80258520000001
Moulvibazar,Rajnagar,Uttorbhag,24.5976454,91.9845505
Moulvibazar,Rajnagar,Munsibazar,24.5602287,91.8708613
Moulvibazar,Rajnagar,Munsurnagar,24.5602287,91.8708613
Moulvibazar,Sreemangal,Satgaon,24.289373,91.665294
Moulvibazar,Juri,Jafornagar,24.5971649,92.1139889
Moulvibazar,Juri,West Juri,24.5971649,92.1139889
Moulvibazar,Juri,Gualbari,24.5971649,92.1139889
Moulvibazar,Juri,Sagornal,24.4913586,92.1401139
Moulvibazar,Juri,Fultola,24.4319801,92.1401139
Moulvibazar,Juri,Eastjuri,24.5971882,92.1140094
Habiganj,Nabiganj,Barabhakoir Paschim,24.5663626,91.51737279999999
Habiganj,Nabiganj,Barabhakoir Purba,24.5663626,91.51737279999999
Habiganj,Nabiganj,Inatganj,24.664683,91.56192
Habiganj,Nabiganj,Digholbak,24.5663626,91.51737279999999
Habiganj,Nabiganj,Aushkandi,24.5913851,91.6021037
Habiganj,Nabiganj,Kargoan,24.5663626,91.51737279999999
Habiganj,Nabiganj,Nabiganj Sadar,24.5663626,91.51737279999999
Habiganj,Nabiganj,Debparra,24.5663626,91.51737279999999
Habiganj,Nabiganj,Kaliarbhanga,24.5663626,91.51737279999999
Habiganj,Nabiganj,Paniumda,24.4663546,91.5747576
Habiganj,Bahubal,Satkapon,24.3412478,91.5378109
Habiganj,Bahubal,Bahubal Sadar,24.347352,91.5113835
Habiganj,Ajmiriganj,Kakailsao,24.4898404,91.1977158
Habiganj,Ajmiriganj,Ajmiriganj Sadar,24.5489217,91.2361706
Habiganj,Ajmiriganj,Badolpur,24.5489217,91.2361706
Habiganj,Ajmiriganj,Jolsuka,24.5649029,91.27827099999999
Habiganj,Baniachong,Baniachong North East,24.52431,91.36156410000001
Habiganj,Baniachong,Baniachong North West,24.52431,91.36156410000001
Habiganj,Baniachong,Baniachong South East,24.52431,91.36156410000001
Habiganj,Baniachong,Baniachong South West,24.5063217,91.3565692
Habiganj,Baniachong,Pukra,24.4268804,91.43742859999999
Habiganj,Lakhai,Bamoi,24.2843421,91.2527844
Habiganj,Chunarughat,Ahammadabad,24.1244172,91.5305465
Habiganj,Chunarughat,Deorgach,24.1744057,91.5093655
Habiganj,Chunarughat,Shankhala,24.2422456,91.4461875
Habiganj,Habiganj Sadar,Lukra,24.3533108,91.3625982
Habiganj,Habiganj Sadar,Teghoria,24.3841001,91.4168792
Habiganj,Habiganj Sadar,Rajiura,24.3070796,91.3831031
Habiganj,Habiganj Sadar,Nurpur,24.2863046,91.38069019999999
Habiganj,Habiganj Sadar,Shayestaganj,24.2766967,91.4555525
Habiganj,Habiganj Sadar,Nijampur,24.3090301,91.4333518
Habiganj,Habiganj Sadar,Laskerpur,24.2772249,91.47791600000001
Habiganj,Madhabpur,Choumohani,24.0998223,91.2963269
Habiganj,Madhabpur,Adaoir,24.1044739,91.27410809999999
Habiganj,Madhabpur,Noapara,24.0998223,91.2963269
Habiganj,Madhabpur,Bagashura,24.0998223,91.2963269
Sunamganj,Sunamganj Sadar,Aptabnagar,25.0581713,91.4173825
Sunamganj,Sunamganj Sadar,Mollapara,25.066624,91.4073349
Sunamganj,Sunamganj Sadar,Laxmansree,25.071382,91.3992751
Sunamganj,Sunamganj Sadar,Kathair,25.071382,91.3992751
Sunamganj,Sunamganj Sadar,Surma,25.122912,91.4144827
Sunamganj,Sunamganj Sadar,Mohonpur,24.9813069,91.3372823
Sunamganj,South Sunamganj,Shimulbak,24.9282192,91.30355139999999
Sunamganj,South Sunamganj,Paschim Pagla,24.9151193,91.4386366
Sunamganj,South Sunamganj,Joykalash,24.9466133,91.3990728
Sunamganj,South Sunamganj,Purba Pagla,24.9800377,91.4724751
Sunamganj,South Sunamganj,Patharia,24.8863947,91.3372823
Sunamganj,South Sunamganj,Purba Birgaon,24.8838637,91.419702
Sunamganj,South Sunamganj,Dargapasha,24.888119,91.4700572
Sunamganj,South Sunamganj,Paschim Birgaon,24.8681137,91.3903425
Sunamganj,Bishwambarpur,Solukabad,25.1208664,91.31352199999999
Sunamganj,Bishwambarpur,Dhanpur,25.1208664,91.31352199999999
Sunamganj,Bishwambarpur,Badaghat South,25.1208664,91.31352199999999
Sunamganj,Bishwambarpur,Fatepur,25.0531437,91.2602228
Sunamganj,Chhatak,Chhatak Sadar,25.0337517,91.6585372
Sunamganj,Chhatak,Gobindganj-Syedergaon,24.9317805,91.6894332
Sunamganj,Chhatak,Chhaila Afjalabad,25.0361323,91.66441929999999
Sunamganj,Chhatak,Khurma North,24.8926613,91.60567180000001
Sunamganj,Chhatak,Khurma South,24.8926613,91.60567180000001
Sunamganj,Chhatak,Chormohalla,25.0361323,91.66441929999999
Sunamganj,Chhatak,Jauwabazar,24.9266342,91.54810429999999
Sunamganj,Chhatak,Dolarbazar,25.0361323,91.66441929999999
Sunamganj,Jagannathpur,Kolkolia,24.8333266,91.5257517
Sunamganj,Jagannathpur,Patli,24.8006562,91.5932382
Sunamganj,Jagannathpur,Chilaura Holdipur,24.7512608,91.5087605
Sunamganj,Jagannathpur,Syedpur Shaharpara,24.7465947,91.62743119999999
Sunamganj,Dowarabazar,Norsingpur,25.0482866,91.55880619999999
Sunamganj,Dowarabazar,Pandargaon,25.0714535,91.39916269999999
Sunamganj,Dowarabazar,Dohalia,25.0482866,91.55880619999999
Sunamganj,Dowarabazar,Laxmipur,25.1112531,91.54386559999999
Sunamganj,Tahirpur,Sreepur North,25.0867419,91.13770079999999
Sunamganj,Tahirpur,Sreepur South,25.0867419,91.13770079999999
Sunamganj,Tahirpur,Bordal South,25.0990489,91.1755002
Sunamganj,Tahirpur,Bordal North,25.0990489,91.1755002
Sunamganj,Tahirpur,Tahirpur Sadar,25.0990489,91.1755002
Sunamganj,Dharmapasha,Bongshikunda North,24.8993243,91.0119509
Sunamganj,Dharmapasha,Bongshikunda South,25.1113076,91.00624719999999
Sunamganj,Dharmapasha,Chamordani,25.0794873,90.9927496
Sunamganj,Dharmapasha,Selbarash,24.8993243,91.0119509
Sunamganj,Dharmapasha,Dharmapasha Sadar,24.8993243,91.0119509
Sunamganj,Dharmapasha,Joyasree,24.8993243,91.0119509
Sunamganj,Dharmapasha,Sukhair Rajapur North,24.8993557,91.01195469999999
Sunamganj,Dharmapasha,Sukhair Rajapur South,24.8993557,91.01195469999999
Sunamganj,Jamalganj,Bhimkhali,24.9521957,91.2746607
Sunamganj,Jamalganj,Fenerbak,24.9970758,91.23370179999999
Sunamganj,Jamalganj,Jamalganj Sadar,24.9970758,91.23370179999999
Sunamganj,Shalla,Shalla Sadar,24.6704225,91.2626287
Sunamganj,Derai,Jagddol,24.7883383,91.3541579
Narsingdi,Belabo,Binnabayd,24.105044,90.8514464
Narsingdi,Belabo,Charuzilab,24.105044,90.8514464
Narsingdi,Belabo,Naraynpur,24.065018,90.8856775
Narsingdi,Belabo,Diara,24.105044,90.8514464
Narsingdi,Monohardi,Dawlatpur,24.0921936,90.6609658
Narsingdi,Monohardi,Krisnopur,24.1409605,90.7031816
Narsingdi,Monohardi,Labutala,24.2236125,90.68416900000001
Narsingdi,Narsingdi Sadar,Khathalia,23.8133948,90.6686891
Narsingdi,Narsingdi Sadar,Nuralapur,23.831704,90.6572716
Narsingdi,Raipura,Chanpur,23.9685741,90.9486223
Narsingdi,Shibpur,Joshar,24.0156333,90.82469130000001
Narsingdi,Shibpur,Baghabo,24.0115254,90.76256339999999
Gazipur,Kaliganj,Jamalpurnew,23.9210751,90.56688729999999
Gazipur,Kaliakair,Dhaliora,24.0777834,90.20976139999999
Gazipur,Kaliakair,Srifaltali,24.06493,90.210793
Gazipur,Kapasia,Targoan,24.1547557,90.5730713
Gazipur,Kapasia,Tokh,24.1115485,90.5661114
Gazipur,Kapasia,Sinhasree,24.2319374,90.545906
Gazipur,Kapasia,Sonmania,24.104439,90.66915139999999
Gazipur,Gazipur Sadar,Baria,23.9710714,90.50316989999999
Gazipur,Gazipur Sadar,Basan,23.9888988,90.36542039999999
Gazipur,Gazipur Sadar,Gachha,23.9383393,90.367774
Gazipur,Gazipur Sadar,Kashimpur,23.9845353,90.3219053
Gazipur,Gazipur Sadar,Kayaltia,24.060214,90.38425269999999
Gazipur,Gazipur Sadar,Konabari,24.0112973,90.3219053
Gazipur,Gazipur Sadar,Mirzapur,24.0869025,90.3458685
Gazipur,Gazipur Sadar,Pubail,23.9172755,90.45967209999999
Shariatpur,Shariatpur Sadar,Binodpur,23.2272684,90.2901815
Shariatpur,Shariatpur Sadar,Domshar,23.253205,90.34116600000002
Shariatpur,Shariatpur Sadar,Rudrakar,23.1803665,90.3461189
Shariatpur,Shariatpur Sadar,Chitolia,23.219547,90.34825119999999
Shariatpur,Shariatpur Sadar,Mahmudpur,23.2246163,90.27125799999999
Shariatpur,Shariatpur Sadar,Chikondi,23.255778,90.3097415
Shariatpur,Shariatpur Sadar,Chandrapur,23.2423214,90.43477109999999
Shariatpur,Shariatpur Sadar,Shulpara,23.219547,90.34825119999999
Shariatpur,Naria,Garishar,23.264705,90.48717400000001
Shariatpur,Naria,Nowpara,23.3068417,90.4073777
Shariatpur,Naria,Moktererchar,23.3068259,90.40745629999999
Shariatpur,Naria,Vojeshwar,23.3068259,90.40745629999999
Shariatpur,Naria,Fategongpur,23.3068259,90.40745629999999
Shariatpur,Naria,Bijari,23.3068259,90.40745629999999
Shariatpur,Naria,Vumkhara,23.3068259,90.40745629999999
Shariatpur,Naria,Nashason,23.2628259,90.3502057
Shariatpur,Zajira,Zajira Sadar,23.3334622,90.32171919999999
Shariatpur,Zajira,Barokandi,23.3334622,90.32171919999999
Shariatpur,Zajira,Kundarchar,23.3334622,90.32171919999999
Shariatpur,Zajira,Purba Nawdoba,23.3334622,90.32171919999999
Shariatpur,Zajira,Nawdoba,23.4007763,90.2508743
Shariatpur,Zajira,Shenerchar,23.3334622,90.32171919999999
Shariatpur,Zajira,Bknagar,23.3334622,90.32171919999999
Shariatpur,Zajira,Barogopalpur,23.3136747,90.2549631
Shariatpur,Zajira,Jaynagor,23.3334622,90.32171919999999
Shariatpur,Gosairhat,Alaolpur,23.1470471,90.5029306
Shariatpur,Gosairhat,Goshairhat,23.07961,90.467225
Shariatpur,Gosairhat,Edilpur,23.0988395,90.45259539999999
Shariatpur,Gosairhat,Samontasar,23.0988395,90.45259539999999
Shariatpur,Gosairhat,Kuchipatti,23.0988395,90.45259539999999
Shariatpur,Bhedarganj,Ramvadrapur,23.2225972,90.4614606
Shariatpur,Bhedarganj,Saygaon,23.1971126,90.4455606
Shariatpur,Bhedarganj,D.M Khali,23.1911473,90.5010085
Shariatpur,Bhedarganj,North Tarabunia,23.226496,90.5730713
Shariatpur,Bhedarganj,Charvaga,23.2789375,90.5264375
Shariatpur,Bhedarganj,Arsinagar,23.1971126,90.4455606
Shariatpur,Bhedarganj,South Tarabunia,23.226496,90.5730713
Shariatpur,Bhedarganj,Charsensas,23.1971126,90.4455606
Shariatpur,Damudya,Shidulkura,23.1447429,90.436391
Shariatpur,Damudya,Kaneshar,23.1447429,90.436391
Shariatpur,Damudya,Dankati,23.1350766,90.3734169
Narayanganj,Araihazar,Brahammandi,23.7916557,90.6535914
Narayanganj,Araihazar,Fatepur,23.7885897,90.6749327
Narayanganj,Araihazar,Highjadi,23.7916557,90.6535914
Narayanganj,Araihazar,Uchitpura,23.7916002,90.6535162
Narayanganj,Araihazar,Kagkanda,23.7916557,90.6535914
Narayanganj,Bandar,Modonpur,23.6879254,90.5517843
Narayanganj,Bandar,Kolagathia,23.6327767,90.5246511
Narayanganj,Narayanganj Sadar,Baktaboli,23.5781399,90.45495419999999
Narayanganj,Narayanganj Sadar,Enayetnagor,23.6237484,90.4998615
Narayanganj,Rupganj,Bhulta,23.7838564,90.5642836
Narayanganj,Rupganj,Bholobo,23.863309,90.58726899999999
Narayanganj,Sonargaon,Pirojpur,23.6336345,90.5988046
Narayanganj,Sonargaon,Mograpara,23.6402329,90.57543729999999
Narayanganj,Sonargaon,Sonmandi,23.6611547,90.5779402
Narayanganj,Sonargaon,Kanchpur,23.7043673,90.52932700000001
Tangail,Basail,Kauljani,24.2514853,89.9198043
Tangail,Bhuapur,Gabshara,24.4584326,89.8752394
Tangail,Bhuapur,Gobindashi,24.4490616,89.8270964
Tangail,Bhuapur,Aloa,24.4584326,89.8752394
Tangail,Delduar,Deuli,24.25,90
Tangail,Delduar,Patharail,24.2514853,89.9198043
Tangail,Ghatail,Lokerpara,24.47077,89.901957
Tangail,Ghatail,Dighalkandia,24.4299512,89.9562618
Tangail,Ghatail,Sandhanpur,24.513421,90.04386559999999
Tangail,Ghatail,Dhalapara,24.4609031,90.0904371
Tangail,Gopalpur,Hadera,24.5620208,89.9280338
Tangail,Gopalpur,Nagdashimla,24.5895709,89.91130520000002
Tangail,Gopalpur,Alamnagor,24.5420514,89.901957
Tangail,Gopalpur,Hemnagor,24.5538929,89.8551818
Tangail,Madhupur,Aushnara,24.5836231,90.102718
Tangail,Madhupur,Aronkhola,24.6691998,90.0645081
Tangail,Madhupur,Sholakuri,24.7558266,90.07934879999999
Tangail,Madhupur,Mirjabari,24.6622311,90.0042661
Tangail,Mirzapur,Mahera,24.1617651,90.04198769999999
Tangail,Mirzapur,Fatepur,24.1498601,90.07934879999999
Tangail,Mirzapur,Warshi,24.0547387,90.0513246
Tangail,Mirzapur,Bhatram,24.1020998,90.0945308
Tangail,Mirzapur,Bastail,24.16,90.16
Tangail,Mirzapur,Baora,24.1020998,90.0945308
Tangail,Mirzapur,Latifpur,24.1290058,90.14247809999999
Tangail,Nagarpur,Sahabathpur,24.0576707,89.87623769999999
Tangail,Nagarpur,Goyhata,24.0650726,89.84230869999999
Tangail,Nagarpur,Solimabad,24.0541985,89.8242278
Tangail,Nagarpur,Nagorpur,24.0576707,89.87623769999999
Tangail,Nagarpur,Mamudnagor,24.0576707,89.87623769999999
Tangail,Nagarpur,Mokna,24.0576707,89.87623769999999
Tangail,Nagarpur,Bekrah Atgram,24.0576707,89.87623769999999
Tangail,Nagarpur,Dhuburia,24.003382,89.84874579999999
Tangail,Nagarpur,Doptior,23.9991967,89.80189329999999
Tangail,Sakhipur,Gajaria,24.3191857,90.1752525
Tangail,Sakhipur,Jaduppur,24.2745862,90.19633639999999
Tangail,Sakhipur,Kalmegha,24.2566489,90.266699
Tangail,Sakhipur,Baharatoil,24.3191857,90.1752525
Tangail,Tangail Sadar,Mogra,24.2510087,89.9169233
Tangail,Tangail Sadar,Dyenna,24.2514853,89.9198043
Tangail,Kalihati,Birbashinda,24.2514853,89.9198043
Tangail,Kalihati,Shahadebpur,24.2514853,89.9198043
Tangail,Kalihati,Kokdahara,24.3415713,90.0058289
Tangail,Kalihati,Paikora,24.3044281,89.9860092
Tangail,Kalihati,Dashokia,24.1927877,89.9256901
Tangail,Kalihati,Parkhi,24.3923866,90.0816478
Tangail,Dhanbari,Mushuddi,24.6608244,89.901957
Tangail,Dhanbari,Bolibodrow,24.6770896,89.9521738
Tangail,Dhanbari,Jadunathpur,24.6964916,89.98549829999999
Kishoreganj,Itna,Chawganga,24.5277816,91.09584249999999
Kishoreganj,Itna,Joysiddi,24.5277816,91.09584249999999
Kishoreganj,Itna,Alonjori,24.5277816,91.09584249999999
Kishoreganj,Itna,Boribari,24.5568818,91.1540163
Kishoreganj,Itna,Dhonpur,24.5277816,91.09584249999999
Kishoreganj,Itna,Raytoti,24.5277816,91.09584249999999
Kishoreganj,Katiadi,Acmita,24.252139,90.79694769999999
Kishoreganj,Katiadi,Mosua,24.2763328,90.7431647
Kishoreganj,Katiadi,Lohajuree,24.252139,90.79694769999999
Kishoreganj,Bhairab,Sadekpur,24.0550524,90.9830697
Kishoreganj,Bhairab,Gajaria,24.0550524,90.9830697
Kishoreganj,Bhairab,Kalika Prashad,24.087615,90.9295234
Kishoreganj,Tarail,Taljanga,24.5166628,90.82790179999999
Kishoreganj,Tarail,Dhola,24.5494898,90.8893308
Kishoreganj,Pakundia,Shukhia,24.3741709,90.6915393
Kishoreganj,Pakundia,Patuavabga,24.3280028,90.68008449999999
Kishoreganj,Pakundia,Burudia,24.267118,90.71052670000002
Kishoreganj,Kishoreganj Sadar,Maizkhapan,24.4323946,90.7868039
Kishoreganj,Kishoreganj Sadar,Mohinanda,24.4748191,90.7942301
Kishoreganj,Kishoreganj Sadar,Joshodal,24.4323946,90.7868039
Kishoreganj,Kishoreganj Sadar,Bowlai,24.4378271,90.81547169999999
Kishoreganj,Kishoreganj Sadar,Chowddoshata,24.4323946,90.7868039
Kishoreganj,Kishoreganj Sadar,Karshakarial,24.4323946,90.7868039
Kishoreganj,Kishoreganj Sadar,Danapatuli,24.3546076,90.8306315
Kishoreganj,Karimgonj,Kiraton,24.4680702,90.87247719999999
Kishoreganj,Karimgonj,Barogharia,24.4680101,90.8724819
Kishoreganj,Karimgonj,Gunodhar,24.4680101,90.8724819
Kishoreganj,Karimgonj,Zafrabad,24.4471105,90.8530645
Kishoreganj,Bajitpur,Hilochia,24.2585074,90.9307168
Kishoreganj,Bajitpur,Maijchar9,24.2127712,90.9509188
Kishoreganj,Bajitpur,Homypur,24.2127712,90.9509188
Kishoreganj,Bajitpur,Boliardi,24.2127712,90.9509188
Kishoreganj,Austagram,Dewghar,24.3187837,91.02989180000002
Kishoreganj,Austagram,Kastul,24.2916618,91.08495920000001
Kishoreganj,Austagram,Austagram Sadar,24.2796229,91.1195412
Kishoreganj,Austagram,Khyerpur-Abdullahpur,24.3652049,91.18330429999999
Kishoreganj,Mithamoin,Gopdighi,24.4195583,91.0634024
Kishoreganj,Mithamoin,Mithamoin,24.4195583,91.0634024
Kishoreganj,Mithamoin,Keoarjore,24.4195583,91.0634024
Kishoreganj,Mithamoin,Katkhal,24.4195583,91.0634024
Kishoreganj,Nikli,Guroi,24.3242946,90.9336121
Kishoreganj,Nikli,Nikli Sadar,24.323871,90.9333637
Kishoreganj,Nikli,Karpasa,24.35,90.92999999999999
Manikganj,Harirampur,Blara,23.7495506,89.9746442
Manikganj,Harirampur,Baira,23.7495506,89.9746442
Manikganj,Harirampur,Lacharagonj,23.7495506,89.9746442
Manikganj,Harirampur,Sutalorie,23.7495506,89.9746442
Manikganj,Harirampur,Dhulsura,23.6755127,90.0151569
Manikganj,Saturia,Baried,23.9729721,90.0361533
Manikganj,Saturia,Dighulia,23.9729721,90.0361533
Manikganj,Saturia,Baliyati,23.9935625,90.0420625
Manikganj,Saturia,Dargram,23.9729954,90.0362127
Manikganj,Saturia,Hargaj,23.9729721,90.0361533
Manikganj,Manikganj Sadar,Jagir,23.8798651,90.0296103
Manikganj,Manikganj Sadar,Putile,23.8346765,90.0186555
Manikganj,Manikganj Sadar,Vararia,23.7738443,90.0187644
Manikganj,Manikganj Sadar,Nbogram,23.8346765,90.0186555
Manikganj,Gior,Shingzuri,23.8966166,89.87127
Manikganj,Gior,Baliyakhora,23.8748107,89.91714669999999
Manikganj,Gior,Gior,23.8966166,89.87127
Manikganj,Gior,Bartia,23.8966166,89.87127
Manikganj,Gior,Baniazuri,23.8549478,89.9394028
Manikganj,Gior,Nalee,23.8966166,89.87127
Manikganj,Shibaloy,Utholi,23.8702468,89.8036636
Manikganj,Shibaloy,Shibaloy,23.8374291,89.7873597
Manikganj,Shibaloy,Ulayel,23.8374291,89.7873597
Manikganj,Shibaloy,Aruoa,23.8374291,89.7873597
Manikganj,Doulatpur,Charkataree,23.9665897,89.7745005
Manikganj,Doulatpur,Zionpur,23.9665897,89.7745005
Manikganj,Doulatpur,Khalshi,23.9665897,89.7745005
Manikganj,Doulatpur,Klia,23.9348458,89.8176775
Manikganj,Doulatpur,Dhamswar,23.9665897,89.7745005
Manikganj,Singiar,Buyra,23.8143458,90.1451337
Manikganj,Singiar,Talebpur,23.8405754,90.1261013
Manikganj,Singiar,Singiar,23.8078314,90.1518394
Manikganj,Singiar,Zamsha,23.8143458,90.1451337
Manikganj,Singiar,Shayesta,23.8143458,90.1451337
Manikganj,Singiar,Joymonto,23.8069284,90.1811571
Dhaka,Savar,Birulia,23.8577003,90.30919800000001
Dhaka,Savar,Dhamsona,23.9454617,90.27318629999999
Dhaka,Savar,Vakurta,23.7570875,90.27609029999999
Dhaka,Savar,Bongaon,23.8165495,90.2948797
Dhaka,Dhamrai,Vararia,23.7738443,90.0187644
Dhaka,Keraniganj,Zinzira,23.7073435,90.3941346
Dhaka,Keraniganj,Suvadda,23.6950189,90.41421489999999
Dhaka,Keraniganj,Taghoria,23.6706472,90.4122786
Dhaka,Dohar,Kusumhathi,23.6232138,90.0748584
Dhaka,Dohar,Raipara,23.6323014,90.1158373
Dhaka,Dohar,Bilaspur,23.6137299,90.110316
Munshiganj,Munshiganj Sadar,Panchashar,23.5416259,90.5302758
Munshiganj,Munshiganj Sadar,Mohakali,23.517218,90.51307369999999
Munshiganj,Munshiganj Sadar,Mollakandi,23.4677701,90.51477609999999
Munshiganj,Munshiganj Sadar,Shiloy,23.5416259,90.5302758
Munshiganj,Sreenagar,Hashara,23.5633131,90.3263669
Munshiganj,Sreenagar,Shologhor,23.554468,90.29970900000001
Munshiganj,Sreenagar,Shamshiddi,23.5428113,90.2948797
Munshiganj,Sreenagar,Vaggakol,23.5428113,90.2948797
Munshiganj,Sreenagar,Bagra,23.5428113,90.2948797
Munshiganj,Sreenagar,Tantor,23.5428113,90.2948797
Munshiganj,Sirajdikhan,Chitracoat,23.5961616,90.3936722
Munshiganj,Sirajdikhan,Sekhornagar,23.5961616,90.3936722
Munshiganj,Sirajdikhan,Keyain,23.6101641,90.326448
Munshiganj,Sirajdikhan,Baluchar,23.6098877,90.41967179999999
Munshiganj,Sirajdikhan,Ichhapura,23.5500872,90.38984350000001
Munshiganj,Sirajdikhan,Bairagadi,23.5961616,90.3936722
Munshiganj,Sirajdikhan,Madhypara,23.5425577,90.40780579999999
Munshiganj,Sirajdikhan,Joyinshar,23.5961616,90.3936722
Munshiganj,Louhajanj,Baultoli,23.4743053,90.32072989999999
Munshiganj,Gajaria,Gajaria,23.5478112,90.62041649999999
Munshiganj,Gajaria,Baushia,23.5480114,90.66867549999999
Munshiganj,Gajaria,Vaberchar,23.5478112,90.62041649999999
Munshiganj,Gajaria,Tengarchar,23.5845264,90.6097758
Munshiganj,Gajaria,Hosendee,23.5478112,90.62041649999999
Munshiganj,Gajaria,Guagachia,23.5114525,90.67186919999999
Munshiganj,Tongibari,Abdullapur,23.5108317,90.4680362
Munshiganj,Tongibari,Sonarong Tongibari,23.5223658,90.4635555
Munshiganj,Tongibari,Arial Baligaon,23.4949379,90.40780579999999
Munshiganj,Tongibari,Kathadia Shimolia,23.4857574,90.4950746
Munshiganj,Tongibari,Joslong,23.5096549,90.4667501
Munshiganj,Tongibari,Dighirpar,23.442011,90.4897586
Rajbari,Rajbari Sadar,Mijanpur,23.7985512,89.6345796
Rajbari,Rajbari Sadar,Borat,23.7527349,89.64458599999999
Rajbari,Rajbari Sadar,Chandoni,23.754821,89.5801549
Rajbari,Rajbari Sadar,Khangonj,23.7790516,89.54068509999999
Rajbari,Rajbari Sadar,Dadshee,23.7527349,89.64458599999999
Rajbari,Goalanda,Doulatdia,23.7669185,89.7812127
Rajbari,Goalanda,Debugram,23.7236607,89.76373029999999
Rajbari,Goalanda,Uzancar,23.7236607,89.76373029999999
Rajbari,Goalanda,Chotovakla,23.7236607,89.76373029999999
Rajbari,Pangsa,Habashpur,23.8570621,89.4028112
Rajbari,Pangsa,Mourat,23.7790871,89.4192291
Rajbari,Baliakandi,Janjal,23.6018617,89.5167298
Rajbari,Kalukhali,Kalukhali,23.7653703,89.48563039999999
Rajbari,Kalukhali,Ratandia,23.7653703,89.48563039999999
Rajbari,Kalukhali,Boalia,23.7504611,89.46476439999999
Rajbari,Kalukhali,Shawrail,23.7653703,89.48563039999999
Madaripur,Madaripur Sadar,Peyarpur,23.1649342,90.19391139999999
Madaripur,Madaripur Sadar,Kandua,23.1500754,90.1073935
Madaripur,Madaripur Sadar,Mastofapur,23.1649342,90.19391139999999
Madaripur,Madaripur Sadar,Jhaoudi,23.1649342,90.19391139999999
Madaripur,Shibchar,Ditiyakhando,23.3346105,90.1869644
Madaripur,Shibchar,Nilokhe,23.298727,90.0899998
Madaripur,Shibchar,Charjanazat,23.3346105,90.1869644
Madaripur,Shibchar,Madbarerchar,23.3346105,90.1869644
Madaripur,Shibchar,Panchar,23.403028,90.151437
Madaripur,Shibchar,Sannasirchar,23.3965551,90.1249529
Madaripur,Shibchar,Kathalbari,23.4186227,90.2214484
Madaripur,Shibchar,Vhandarikandi,23.3346105,90.1869644
Madaripur,Shibchar,Bahertala South,23.3346105,90.1869644
Madaripur,Shibchar,Baheratala North,23.3035381,90.1381056
Madaripur,Shibchar,Baskandi,23.284198,90.1896453
Madaripur,Shibchar,Vhadrasion,23.3346105,90.1869644
Madaripur,Shibchar,Shiruail,23.3198035,90.1003804
Madaripur,Shibchar,Dattapara,23.3677158,90.1079087
Madaripur,Kalkini,Basgari,23.7717094,90.7853763
Madaripur,Kalkini,Chardoulatkhan,23.0755017,90.22673069999999
Madaripur,Kalkini,Dashar,23.0785712,90.14481819999999
Madaripur,Kalkini,Enayetnagor,23.0755017,90.22673069999999
Madaripur,Kalkini,Koyaria,22.9962764,90.2843281
Madaripur,Kalkini,Laxmipur,23.1379078,90.3042778
Madaripur,Kalkini,Nabogram,23.0547608,90.1261013
Madaripur,Kalkini,Ramjanpur,22.9950489,90.2479232
Madaripur,Kalkini,Shahebrampur,23.0307105,90.2948797
Madaripur,Kalkini,Shikarmongol,23.0755017,90.22673069999999
Madaripur,Rajoir,Haridasdi-Mahendrodi,23.2610214,90.05891249999999
Madaripur,Rajoir,Khaliya,23.2100451,90.04852819999999
Madaripur,Rajoir,Ishibpur,23.2274083,90.078389
Madaripur,Rajoir,Badarpasa,23.21,90.05
Madaripur,Rajoir,Hosenpur,23.2100451,90.04852819999999
Gopalganj,Gopalganj Sadar,Shuktail,23.0867577,89.73905099999999
Gopalganj,Gopalganj Sadar,Urfi,23.017451,89.7941839
Gopalganj,Gopalganj Sadar,Lotifpur,23.0084941,89.8285341
Gopalganj,Gopalganj Sadar,Horidaspur,23.0366875,89.8161875
Gopalganj,Gopalganj Sadar,Roghunathpur,22.9951842,89.8645414
Gopalganj,Gopalganj Sadar,Borashi,22.994984,89.84256099999999
Gopalganj,Gopalganj Sadar,Boultali,23.1081814,89.8714137
Gopalganj,Kashiani,Orakandia,23.2331635,89.7239244
Gopalganj,Tungipara,Borni,22.9596367,89.86884959999999
Gopalganj,Tungipara,Dumaria,22.8853893,89.9407957
Gopalganj,Kotalipara,Kolabari,22.9892822,90.0279867
Gopalganj,Kotalipara,Amtoli,22.9833241,90.03265309999999
Gopalganj,Kotalipara,Ghaghor,22.9892822,90.0279867
Gopalganj,Kotalipara,Hiron,22.9892822,90.0279867
Gopalganj,Muksudpur,Nanikhir,23.23646,89.9510098
Gopalganj,Muksudpur,Poshargati,23.3197792,89.8668809
Gopalganj,Muksudpur,Gobindopur,23.2810455,89.8364558
Gopalganj,Muksudpur,Khandarpara,23.2572352,89.84581999999999
Gopalganj,Muksudpur,Bohugram,23.3197792,89.8668809
Gopalganj,Muksudpur,Vabrashur,23.2745176,89.8905011
Gopalganj,Muksudpur,Moharajpur,23.3034457,89.92031689999999
Gopalganj,Muksudpur,Kashalia,23.3197792,89.8668809
Faridpur,Faridpur Sadar,Charmadbdia,23.6057352,89.8386531
Faridpur,Boalmari,Chandpur,23.4952253,89.72390970000001
Faridpur,Sadarpur,Char Bisnopur,23.5133264,90.0093266
Faridpur,Sadarpur,Narikel Bariya,23.4657012,90.0279867
Faridpur,Sadarpur,Dhaukhali,23.4657012,90.0279867
Faridpur,Nagarkanda,Charjashordi,23.4210186,89.89494429999999
Faridpur,Nagarkanda,Fulsuti,23.4481103,89.920846
Faridpur,Bhanga,Nurullagonj,23.3846214,89.9820276
Faridpur,Bhanga,Manikdha,23.3846214,89.9820276
Faridpur,Bhanga,Kawlibera,23.4079482,90.04083279999999
Faridpur,Bhanga,Tujerpur,23.3846214,89.9820276
Faridpur,Bhanga,Chumurdi,23.3525842,89.99533699999999
Faridpur,Bhanga,Azimnagor,23.3846214,89.9820276
Faridpur,Charbhadrasan,Char Jahukanda,23.566898,89.99533699999999
Faridpur,Madhukhali,Gazna,23.5429117,89.62716139999999
Faridpur,Madhukhali,Nowpara,23.4662578,89.6126913
Faridpur,Saltha,Atghar,23.6057352,89.8386531
Faridpur,Saltha,Mazadia,23.4328101,89.7825682
Panchagarh,Panchagarh Sadar,Panchagarh Sadar,26.3354784,88.5522474
Panchagarh,Panchagarh Sadar,Chaklahat,26.3418875,88.68329489999999
Panchagarh,Panchagarh Sadar,Kamat Kajol Dighi,26.3299977,88.6048306
Panchagarh,Debiganj,Shaldanga,26.1202169,88.7589007
Panchagarh,Debiganj,Debiganj Sadar,26.1164733,88.7551871
Panchagarh,Debiganj,Sonahar Mollikadaha,26.0540594,88.7420551
Panchagarh,Debiganj,Dandopal,26.1246793,88.7542102
Panchagarh,Debiganj,Debiduba,26.1260236,88.7698048
Panchagarh,Debiganj,Chengthi Hazra Danga,26.1246793,88.7542102
Panchagarh,Boda,Jholaishal Shiri,26.198213,88.554659
Panchagarh,Boda,Moidandighi,26.2532316,88.55802880000002
Panchagarh,Boda,Banghari,26.2170039,88.57851939999999
Panchagarh,Boda,Kajoldighi Kaligonj,26.220025,88.71041
Panchagarh,Boda,Boroshoshi,26.2474396,88.6144839
Panchagarh,Boda,Marea Bamonhat,26.2359048,88.64343079999999
Panchagarh,Boda,Pachpir,26.119743,88.6307223
Panchagarh,Atwari,Mirgapur,26.2752369,88.44523389999999
Panchagarh,Atwari,Toria,26.2635898,88.39250899999999
Panchagarh,Tetulia,Bhojoanpur,26.4817006,88.3494814
Panchagarh,Tetulia,Bhojoanpur,26.4817006,88.3494814
Panchagarh,Tetulia,Timaihat,26.4817006,88.3494814
Dinajpur,Nawabganj,Golapgonj,25.4347383,89.0466016
Dinajpur,Birganj,Polashbari,26.023053,88.62413509999999
Dinajpur,Birganj,Sator,25.8606649,88.6549799
Dinajpur,Birganj,Mohonpur,25.9291844,88.7012651
Dinajpur,Birganj,Moricha,25.962182,88.6204896
Dinajpur,Ghoraghat,Palsha,25.277568,89.1644942
Dinajpur,Birampur,Mukundopur,25.3571135,88.95574979999999
Dinajpur,Birampur,Dior,25.3899463,88.9916363
Dinajpur,Birampur,Binail,25.3879735,88.88991650000001
Dinajpur,Birampur,Jatbani,25.3899463,88.9916363
Dinajpur,Birampur,Poliproyagpur,25.4001732,88.9713045
Dinajpur,Parbatipur,Monmothopur,25.6543901,88.9162387
Dinajpur,Parbatipur,Polashbari,25.6237035,88.9701082
Dinajpur,Parbatipur,Mostofapur,25.5576972,88.85030309999999
Dinajpur,Bochaganj,Eshania,25.7997217,88.46218909999999
Dinajpur,Bochaganj,Shatail,25.7997217,88.46218909999999
Dinajpur,Bochaganj,Rongaon,25.7800799,88.5514244
Dinajpur,Kaharol,Dabor,25.7947183,88.6031434
Dinajpur,Kaharol,Targao,25.7947183,88.6031434
Dinajpur,Fulbari,Aloary,25.4963019,88.9532744
Dinajpur,Fulbari,Kagihal,25.4333782,88.8551019
Dinajpur,Fulbari,Bethdighi,25.4337614,88.8777094
Dinajpur,Fulbari,Khairbari,25.4637381,88.95574979999999
Dinajpur,Fulbari,Shibnagor,25.533365,88.92133489999999
Dinajpur,Dinajpur Sadar,Chealgazi,25.636567,88.63857300000001
Dinajpur,Dinajpur Sadar,Sundorbon,25.7399261,88.7012651
Dinajpur,Dinajpur Sadar,Shekpura,25.6136581,88.6485514
Dinajpur,Dinajpur Sadar,Shashora,25.636567,88.63857300000001
Dinajpur,Dinajpur Sadar,Sankarpur,25.5373743,88.71932199999999
Dinajpur,Dinajpur Sadar,Askorpur,25.636567,88.63857300000001
Dinajpur,Hakimpur,Khattamadobpara,25.2745502,89.01315319999999
Dinajpur,Hakimpur,Boalder,25.3190058,89.03849319999999
Dinajpur,Birol,Dhamoir,25.6897701,88.55773909999999
Dinajpur,Birol,Shohorgram,25.6334796,88.5504897
Dinajpur,Birol,Birol,25.6221484,88.6437963
Dinajpur,Birol,Bhandra,25.619341,88.46945350000001
Dinajpur,Birol,Mongalpur,25.7384753,88.5468645
Dinajpur,Birol,Rajarampur,25.7215176,88.6289598
Dinajpur,Chirirbandar,Nashratpur,25.746384,88.76382939999999
Dinajpur,Chirirbandar,Fatejangpur,25.7686275,88.84705679999999
Dinajpur,Chirirbandar,Isobpur,25.7087338,88.8260112
Dinajpur,Chirirbandar,Saitara,25.6502881,88.77603649999999
Dinajpur,Chirirbandar,Viail,25.6502881,88.77603649999999
Dinajpur,Chirirbandar,Punotti,25.6502881,88.77603649999999
Dinajpur,Chirirbandar,Tetulia,25.6502881,88.77603649999999
Lalmonirhat,Lalmonirhat Sadar,Mogolhat,25.9812902,89.46476439999999
Lalmonirhat,Lalmonirhat Sadar,Barobari,25.9188238,89.4456295
Lalmonirhat,Lalmonirhat Sadar,Mohendranagar,25.9188238,89.4456295
Lalmonirhat,Kaliganj,Modati,26.0273602,89.19916119999999
Lalmonirhat,Kaliganj,Dologram,25.9570569,89.23648759999999
Lalmonirhat,Kaliganj,Chondropur,25.9570569,89.23648759999999
Lalmonirhat,Kaliganj,Cholbola,25.9570569,89.23648759999999
Lalmonirhat,Hatibandha,Barokhata,26.2129916,89.1158008
Lalmonirhat,Hatibandha,Singimari,26.1481866,89.1444008
Lalmonirhat,Hatibandha,Tongvhanga,26.1422221,89.1348697
Lalmonirhat,Hatibandha,Paticapara,26.1422221,89.1348697
Lalmonirhat,Hatibandha,Nowdabas,26.1422221,89.1348697
Lalmonirhat,Hatibandha,Vhelaguri,26.1422221,89.1348697
Lalmonirhat,Hatibandha,Dawabari,26.1422221,89.1348697
Lalmonirhat,Aditmari,Kamlabari,25.9630704,89.3464086
Lalmonirhat,Aditmari,Mohishkhocha,25.8918419,89.333235
Nilphamari,Syedpur,Kasiram Belpukur,25.8338283,88.9553226
Nilphamari,Syedpur,Botlagari,25.80807,88.8641686
Nilphamari,Domar,Bhogdaburi,26.1016094,88.8214984
Nilphamari,Domar,Panga Motukpur,26.1375886,88.88867839999999
Nilphamari,Domar,Sonaray,26.0778374,88.8276062
Nilphamari,Dimla,Paschim Chhatnay,26.2616565,88.8934728
Nilphamari,Dimla,Dimla Sadar,26.1439608,88.9509626
Nilphamari,Dimla,Noutara,26.1439608,88.9509626
Nilphamari,Dimla,Khalisha Chapani,26.1444949,89.0274915
Nilphamari,Dimla,Jhunagach Chapani,26.1211142,89.0657027
Nilphamari,Dimla,Tepa Khribari,26.1439608,88.9509626
Nilphamari,Dimla,Purba Chhatnay,26.2442655,88.93659760000001
Nilphamari,Jaldhaka,Douabari,26.0196636,89.0165912
Nilphamari,Jaldhaka,Simulbari,26.0196636,89.0165912
Nilphamari,Jaldhaka,Kathali,26.0196636,89.0165912
Nilphamari,Jaldhaka,Shaulmari,26.0196636,89.0165912
Nilphamari,Nilphamari Sadar,Chaora Bargacha,25.8512437,88.934203
Nilphamari,Nilphamari Sadar,Khoksabari,25.9478652,88.81189239999999
Nilphamari,Nilphamari Sadar,Palasbari,25.9485395,88.8373514
Nilphamari,Nilphamari Sadar,Panchapukur,25.9293539,88.9289984
Nilphamari,Nilphamari Sadar,Sonaray,26.0778374,88.8276062
Nilphamari,Nilphamari Sadar,Songalsi,25.9485395,88.8373514
Nilphamari,Nilphamari Sadar,Chapra Sarnjami,25.9485395,88.8373514
Nilphamari,Nilphamari Sadar,Lakshmicha,25.9485395,88.8373514
Gaibandha,Sadullapur,Noldanga,25.4843297,89.4715634
Gaibandha,Sadullapur,Damodorpur,25.4368554,89.46476559999999
Gaibandha,Sadullapur,Vatgram,25.3909385,89.46594619999999
Gaibandha,Sadullapur,Bongram,25.3909385,89.46594619999999
Gaibandha,Sadullapur,Khodkomor,25.3909385,89.46594619999999
Gaibandha,Gaibandha Sadar,Laxmipur,25.4193138,89.5356094
Gaibandha,Gaibandha Sadar,Kuptola,25.3916451,89.5253228
Gaibandha,Gaibandha Sadar,Shahapara,25.3297044,89.5428879
Gaibandha,Palashbari,Hosenpur,25.2810306,89.3532721
Gaibandha,Palashbari,Mohdipur,25.2810306,89.3532721
Gaibandha,Palashbari,Pobnapur,25.2810306,89.3532721
Gaibandha,Palashbari,Monohorpur,25.2650961,89.48839339999999
Gaibandha,Saghata,Varotkhali,25.1856538,89.57892280000002
Gaibandha,Saghata,Saghata,25.1231112,89.582769
Gaibandha,Saghata,Muktinagar,25.1611121,89.5684665
Gaibandha,Saghata,Ghuridah,25.1076375,89.5703281
Gaibandha,Saghata,Holdia,25.0816895,89.6157473
Gaibandha,Saghata,Jumarbari,25.05541,89.5618056
Gaibandha,Gobindaganj,Dorbosto,25.1363054,89.3871999
Gaibandha,Gobindaganj,Rakhalburuj,25.1363054,89.3871999
Gaibandha,Gobindaganj,Phulbari,25.1581137,89.412731
Gaibandha,Gobindaganj,Kamardoho,25.1363054,89.3871999
Gaibandha,Sundarganj,Bamondanga,25.5328255,89.445863
Gaibandha,Sundarganj,Dohbond,25.5653814,89.521136
Gaibandha,Sundarganj,Sorbanondo,25.5653814,89.521136
Gaibandha,Sundarganj,Ramjibon,25.5095567,89.5428879
Gaibandha,Sundarganj,Chaporhati,25.5653814,89.521136
Gaibandha,Sundarganj,Konchibari,25.5653814,89.521136
Gaibandha,Phulchari,Phulchari,25.3198082,89.5958514
Thakurgaon,Thakurgaon Sadar,Ahcha,26.0287744,88.47855310000001
Thakurgaon,Thakurgaon Sadar,Ruhia Pashchim,26.1743025,88.4109369
Thakurgaon,Pirganj,Kosharaniganj,25.8954608,88.4160885
Thakurgaon,Ranisankail,Dhormogarh,25.8920465,88.2582857
Thakurgaon,Ranisankail,Nekmorod,25.9808308,88.26801720000002
Thakurgaon,Ranisankail,Hosengaon,25.8790194,88.2095511
Thakurgaon,Ranisankail,Ratore,25.8920465,88.2582857
Thakurgaon,Baliadangi,Dhontola,26.1927474,88.3202764
Thakurgaon,Baliadangi,Boropalashbari,26.0902338,88.2753144
Thakurgaon,Baliadangi,Vanor,26.0902338,88.2753144
Thakurgaon,Baliadangi,Borobari,26.0902338,88.2753144
Rangpur,Rangpur Sadar,Horidebpur,25.7965021,89.1563115
Rangpur,Rangpur Sadar,Uttam,25.8086004,89.2039195
Rangpur,Rangpur Sadar,Porshuram,25.7840157,89.2335484
Rangpur,Rangpur Sadar,Topodhan,25.7493938,89.26108649999999
Rangpur,Rangpur Sadar,Satgara,25.7258212,89.21343449999999
Rangpur,Rangpur Sadar,Rajendrapur,25.7611669,89.184883
Rangpur,Rangpur Sadar,Sadwapuskoroni,25.7493938,89.26108649999999
Rangpur,Rangpur Sadar,Dorshona,25.6904649,89.2419658
Rangpur,Rangpur Sadar,Tampat,25.7438934,89.2755983
Rangpur,Gangachara,Kholeya,25.8300734,89.1195784
Rangpur,Gangachara,Borobil,25.8877316,89.18952379999999
Rangpur,Gangachara,Kolcondo,25.8300734,89.1195784
Rangpur,Gangachara,Gongachora,25.8300734,89.1195784
Rangpur,Gangachara,Gojoghonta,25.8300734,89.1195784
Rangpur,Gangachara,Morneya,25.8262721,89.29602489999999
Rangpur,Gangachara,Alambiditor,25.8560233,89.22294710000001
Rangpur,Gangachara,Lakkhitari,25.8300734,89.1195784
Rangpur,Taragonj,Kurshatara,25.8079777,89.0355579
Rangpur,Taragonj,Soyar,25.7493938,89.26108649999999
Rangpur,Taragonj,Ikorchali,25.7493938,89.26108649999999
Rangpur,Taragonj,Hariarkuthi,25.8079777,89.0355579
Rangpur,Badargonj,Gopinathpur,25.6539681,89.07047659999999
Rangpur,Badargonj,Modhupur,25.6954863,89.0847949
Rangpur,Badargonj,Bishnapur,25.6182693,89.0418249
Rangpur,Badargonj,Damodorpur,25.7129647,89.0418249
Rangpur,Badargonj,Ramnathpurupb,25.6539681,89.07047659999999
Rangpur,Mithapukur,Khoragach,25.6485949,89.1610748
Rangpur,Mithapukur,Payrabond,25.6659106,89.3003555
Rangpur,Mithapukur,Vangni,25.5544164,89.27541570000001
Rangpur,Mithapukur,Latibpur,25.5926048,89.25056769999999
Rangpur,Mithapukur,Moyenpur,25.6088877,89.1916949
Rangpur,Mithapukur,Baluya Masimpur,25.5883833,88.631372
Rangpur,Mithapukur,Borobala,25.533946,89.123407
Rangpur,Mithapukur,Imadpur,25.5206589,89.3808281
Rangpur,Mithapukur,Milonpur,25.4767559,89.13725269999999
Rangpur,Mithapukur,Mgopalpur,25.5544164,89.27541570000001
Rangpur,Mithapukur,Boro Hazratpur,25.5801472,89.3855047
Rangpur,Pirgonj,Chattracol,25.4166007,89.3075204
Rangpur,Pirgonj,Vendabari,25.4362185,89.3132061
Rangpur,Pirgonj,Borodargah,25.506125,89.28935539999999
Rangpur,Pirgonj,Modankhali,25.4166007,89.3075204
Rangpur,Pirgonj,Boro Alampur,25.4166007,89.3075204
Rangpur,Pirgonj,Raypur,25.4115795,89.28573
Rangpur,Pirgonj,Pirgonj,25.4165759,89.30748369999999
Rangpur,Pirgonj,Mithipur,25.4363901,89.35114949999999
Rangpur,Pirgonj,Chattra,25.3352983,89.270477
Rangpur,Pirgonj,Pachgachi,25.4783366,89.3647639
Rangpur,Kaunia,Shahidbag,25.7740145,89.39379300000002
Rangpur,Kaunia,Haragach,25.7975174,89.3558899
Rangpur,Kaunia,Tepamodhupur,25.744707,89.46476439999999
Rangpur,Kaunia,Kurshaupk,25.7741665,89.4316601
Rangpur,Pirgacha,Kollyani,25.655698,89.40326309999999
Rangpur,Pirgacha,Saula,25.655698,89.40326309999999
Rangpur,Pirgacha,Pirgacha,25.655698,89.40326309999999
Rangpur,Pirgacha,Annodanagar,25.655698,89.40326309999999
Rangpur,Pirgacha,Koikuri,25.655698,89.40326309999999
Kurigram,Kurigram Sadar,Ghogadhoh,25.8281684,89.68162079999999
Kurigram,Kurigram Sadar,Belgacha,25.8281684,89.68162079999999
Kurigram,Kurigram Sadar,Mogolbasa,25.7727048,89.6561468
Kurigram,Kurigram Sadar,Panchgachi,25.8136918,89.70561529999999
Kurigram,Nageshwari,Raigonj,26.0336489,89.68044549999999
Kurigram,Nageshwari,Bamondanga,25.9791928,89.735582
Kurigram,Nageshwari,Berubari,25.9547407,89.73097849999999
Kurigram,Nageshwari,Sontaspur,25.9659064,89.6912763
Kurigram,Nageshwari,Newyashi,25.9659064,89.6912763
Kurigram,Nageshwari,Bhitorbond,25.9659064,89.6912763
Kurigram,Nageshwari,Bollobherkhas,25.9659064,89.6912763
Kurigram,Bhurungamari,Pathordubi,26.1089861,89.66977829999999
Kurigram,Bhurungamari,Shilkhuri,26.2005463,89.6675144
Kurigram,Bhurungamari,Paikarchara,26.1083682,89.66989339999999
Kurigram,Bhurungamari,Joymonirhat,26.0937452,89.6564446
Kurigram,Bhurungamari,Andharirjhar,26.0536164,89.6892597
Kurigram,Phulbari,Nawdanga,25.9490674,89.5521217
Kurigram,Phulbari,Phulbari,25.9502431,89.552751
Kurigram,Phulbari,Bhangamor,25.9490735,89.5521124
Kurigram,Rajarhat,Chinai,25.7982283,89.5450458
Kurigram,Rajarhat,Biddanondo,25.7982283,89.5450458
Kurigram,Rajarhat,Umarmajid,25.7982283,89.5450458
Kurigram,Ulipur,Dhamsreni,25.6552572,89.6483999
Kurigram,Ulipur,Gunaigas,25.6564202,89.62045619999999
Kurigram,Ulipur,Tobockpur,25.6564202,89.62045619999999
Kurigram,Ulipur,Begumgonj,25.6564202,89.62045619999999
Kurigram,Ulipur,Shahabiar Alga,25.6564202,89.62045619999999
Kurigram,Ulipur,Thetrai,25.6542086,89.6078072
Kurigram,Chilmari,Nayarhat,25.5810414,89.66163519999999
Kurigram,Chilmari,Austomirchar,25.5810414,89.66163519999999
Kurigram,Rowmari,Dadevanga,25.5754121,89.8306021
Kurigram,Rowmari,Shoulemari,25.5754121,89.8306021
Kurigram,Rowmari,Bondober,25.5754121,89.8306021
Kurigram,Charrajibpur,Rajibpur,25.44511,89.7930466
Kurigram,Charrajibpur,Kodalkati,25.486169,89.7644967
Kurigram,Charrajibpur,Mohongonj,25.44511,89.7930466
Sherpur,Sherpur Sadar,Kamararchor,25.0190502,90.01383650000001
Sherpur,Sherpur Sadar,Chorsherpur,25.0190502,90.01383650000001
Sherpur,Sherpur Sadar,Gajir Khamar,25.0512614,90.0932851
Sherpur,Sherpur Sadar,Dhola,25.0190502,90.01383650000001
Sherpur,Sherpur Sadar,Pakuriya,25.0169296,90.06066369999999
Sherpur,Sherpur Sadar,Vatshala,24.9805732,90.0483656
Sherpur,Sherpur Sadar,Losmonpur,24.9869156,90.00083819999999
Sherpur,Sherpur Sadar,Rouha,25.0190502,90.01383650000001
Sherpur,Sherpur Sadar,Kamariya,25.0190502,90.01383650000001
Sherpur,Sherpur Sadar,Chor Mochoriya,25.0190502,90.01383650000001
Sherpur,Sherpur Sadar,Chorpokhimari,25.0190502,90.01383650000001
Sherpur,Nalitabari,Puraga,25.0850233,90.1939932
Sherpur,Nalitabari,Nonni,25.0850233,90.1939932
Sherpur,Nalitabari,Morichpuran,25.0386141,90.2327887
Sherpur,Nalitabari,Rajnogor,25.1236495,90.1167463
Sherpur,Nalitabari,Ramchondrokura,25.0850233,90.1939932
Sherpur,Nalitabari,Kakorkandhi,25.0850233,90.1939932
Sherpur,Nalitabari,Juganiya,25.0850233,90.1939932
Sherpur,Nalitabari,Bagber,25.0850233,90.1939932
Sherpur,Nalitabari,Koloshpar,25.0850233,90.1939932
Sherpur,Sreebordi,Tatihati,25.1598929,89.9385794
Sherpur,Sreebordi,Sreebordi,25.147401,89.9393363
Sherpur,Sreebordi,Kurikahonia,25.147401,89.9393363
Sherpur,Nokla,Gonopoddi,24.9716366,90.1787009
Sherpur,Nokla,Nokla,24.9717344,90.17856379999999
Sherpur,Nokla,Choraustadhar,24.9717344,90.17856379999999
Sherpur,Jhenaigati,Kansa,25.1859383,90.0629989
Sherpur,Jhenaigati,Dansail,25.1859383,90.0629989
Sherpur,Jhenaigati,Nolkura,25.1859383,90.0629989
Sherpur,Jhenaigati,Gouripur,25.1592395,90.09804299999999
Sherpur,Jhenaigati,Hatibandha,25.1859383,90.0629989
Mymensingh,Fulbaria,Deukhola,24.6990985,90.3254317
Mymensingh,Fulbaria,Asimpatuli,24.7459528,90.41785399999999
Mymensingh,Fulbaria,Vobanipur,24.5061756,90.2854839
Mymensingh,Trishal,Bailor,24.6201818,90.389321
Mymensingh,Bhaluka,Meduari,24.407929,90.3866074
Mymensingh,Bhaluka,Varadoba,24.407929,90.3866074
Mymensingh,Bhaluka,Rajoi,24.3533121,90.4862459
Mymensingh,Muktagacha,Borogram,24.8022806,90.1777024
Mymensingh,Muktagacha,Kumargata,24.7660178,90.2561365
Mymensingh,Mymensingh Sadar,Austadhar,24.7459528,90.41785399999999
Mymensingh,Mymensingh Sadar,Bororchar,24.7459528,90.41785399999999
Mymensingh,Mymensingh Sadar,Aqua,24.7459528,90.41785399999999
Mymensingh,Mymensingh Sadar,Khagdohor,24.7459528,90.41785399999999
Mymensingh,Mymensingh Sadar,Charnilaxmia,24.7459528,90.41785399999999
Mymensingh,Mymensingh Sadar,Vabokhali,24.7459528,90.41785399999999
Mymensingh,Mymensingh Sadar,Boyra,24.7167883,90.4471859
Mymensingh,Dhobaura,Gamaritola,25.0901617,90.5234193
Mymensingh,Dhobaura,Dhobaura,25.0901617,90.5234193
Mymensingh,Dhobaura,Goatala,25.032108,90.4983099
Mymensingh,Phulpur,Sondhara,24.9542133,90.363067
Mymensingh,Phulpur,Vaitkandi,24.9473233,90.2807088
Mymensingh,Haluaghat,Amtoil,25.0248541,90.2976216
Mymensingh,Gouripur,Gouripur,22.4708389,90.09804299999999
Mymensingh,Gouripur,Douhakhola,24.7547756,90.56833990000001
Mymensingh,Gafargaon,Barobaria,24.4572563,90.54867449999999
Mymensingh,Gafargaon,Saltia,24.4713148,90.5435091
Mymensingh,Gafargaon,Longair,24.37827,90.541483
Mymensingh,Gafargaon,Paithol,24.4566305,90.5484903
Mymensingh,Gafargaon,Gafargaon,24.4572563,90.54867449999999
Mymensingh,Gafargaon,Josora,24.4572563,90.54867449999999
Mymensingh,Gafargaon,Moshakhali,24.3927533,90.4974359
Mymensingh,Gafargaon,Panchbagh,24.4572563,90.54867449999999
Mymensingh,Gafargaon,Dotterbazar,24.3452654,90.6207393
Mymensingh,Gafargaon,Niguari,24.4572563,90.54867449999999
Mymensingh,Gafargaon,Tangabo,24.2666721,90.6370488
Mymensingh,Iswarganj,Iswarganj,24.6847981,90.59504629999999
Mymensingh,Iswarganj,Magtula,24.588458,90.58726899999999
Mymensingh,Nandail,Batagoir,24.5687223,90.6903529
Mymensingh,Nandail,Muajjempur,24.5687223,90.6903529
Mymensingh,Nandail,Singroil,24.5687223,90.6903529
Mymensingh,Nandail,Mushulli,24.5430703,90.7446416
Mymensingh,Tarakanda,Biska,24.8050586,90.5101863
Mymensingh,Tarakanda,Balikha,24.847349,90.3866074
Jamalpur,Jamalpur Sadar,Laxirchar,24.9270016,89.9480542
Jamalpur,Jamalpur Sadar,Tolshirchar,24.9270016,89.9480542
Jamalpur,Jamalpur Sadar,Ghorada,24.9270016,89.9480542
Jamalpur,Jamalpur Sadar,Bashchara,24.8039946,89.9579564
Jamalpur,Jamalpur Sadar,Ranagacha,24.869615,90.054467
Jamalpur,Jamalpur Sadar,Sheepur,24.9270016,89.9480542
Jamalpur,Jamalpur Sadar,Shahbajpur,24.9270016,89.9480542
Jamalpur,Jamalpur Sadar,Mesta,24.8388922,89.8736455
Jamalpur,Jamalpur Sadar,Digpait,24.7645919,89.9279596
Jamalpur,Melandah,Durmot,24.9817005,89.8291768
Jamalpur,Melandah,Charbani Pakuria,24.9191602,89.8915114
Jamalpur,Melandah,Fulkucha,24.9130444,89.8481606
Jamalpur,Melandah,Ghuserpara,24.9817005,89.8291768
Jamalpur,Melandah,Shuampur,24.9817005,89.8291768
Jamalpur,Islampur,Belghacha,25.0967503,89.72156149999999
Jamalpur,Islampur,Chinaduli,25.0522921,89.733301
Jamalpur,Islampur,Shapdari,25.0812952,89.7894766
Jamalpur,Islampur,Partharshi,25.0812952,89.7894766
Jamalpur,Islampur,Palabandha,25.0812952,89.7894766
Jamalpur,Islampur,Gualerchar,25.1279452,89.83576359999999
Jamalpur,Islampur,Chargualini,25.0812952,89.7894766
Jamalpur,Dewangonj,Dungdhara,25.3310623,89.79131629999999
Jamalpur,Dewangonj,Char Amkhawa,25.3043207,89.7684982
Jamalpur,Dewangonj,Hatibanga,25.3310623,89.79131629999999
Jamalpur,Dewangonj,Dewangonj,25.3310623,89.79131629999999
Jamalpur,Madarganj,Char Pakerdah,24.9069204,89.7168647
Jamalpur,Madarganj,Adarvita,24.8484665,89.7930796
Jamalpur,Bokshiganj,Danua,25.1830617,89.8701469
Jamalpur,Bokshiganj,Shadurpara,25.1830617,89.8701469
Jamalpur,Bokshiganj,Bakshigonj,25.1830617,89.8701469
Jamalpur,Bokshiganj,Nilakhia,25.1830617,89.8701469
Netrokona,Barhatta,Raypur,25.4115795,89.28573
Netrokona,Durgapur,Kakoirgora,25.0604345,90.6718934
Netrokona,Durgapur,Gawkandia,25.0943216,90.6442582
Netrokona,Kendua,Goraduba,24.6619842,90.8422837
Netrokona,Kendua,Gonda,24.6741221,90.71652569999999
Netrokona,Kendua,Maska,24.6625063,90.7978043
Netrokona,Kendua,Bolaishimul,24.6619842,90.8422837
Netrokona,Kendua,Roailbari Amtala,24.6157669,90.7853763
Netrokona,Kendua,Muzafarpur,24.622602,90.8913523
Netrokona,Atpara,Shormushia,24.8097761,90.8603645
Netrokona,Atpara,Shunoi,24.8097761,90.8603645
Netrokona,Atpara,Lunesshor,24.8097761,90.8603645
Netrokona,Atpara,Baniyajan,24.8097761,90.8603645
Netrokona,Atpara,Duoj,24.8097761,90.8603645
Netrokona,Madan,Fathepur,24.6220712,90.9772874
Netrokona,Madan,Teosree,24.6717671,90.9400387
Netrokona,Madan,Magan,24.716787,90.94688740000001
Netrokona,Madan,Chandgaw,24.716787,90.94688740000001
Netrokona,Madan,Kytail,24.716787,90.94688740000001
Netrokona,Khaliajuri,Nogor,24.6564823,91.1496969
Netrokona,Kalmakanda,Koilati,25.0257526,90.831186
Netrokona,Kalmakanda,Najirpur,25.0799319,90.81987749999999
Netrokona,Kalmakanda,Kolmakanda,25.0765713,90.88896779999999
Netrokona,Kalmakanda,Rongchati,25.0765679,90.8888377
Netrokona,Kalmakanda,Borokhapon,25.0765679,90.8888377
Netrokona,Kalmakanda,Kharnoi,25.0765679,90.8888377
Netrokona,Mohongonj,Borokashia Birampur,24.8611779,90.94742839999999
Netrokona,Mohongonj,Borotoli Banihari,24.7922101,91.06649709999999
Netrokona,Mohongonj,Tetulia,24.8746673,90.9801876
Netrokona,Mohongonj,Maghan Siadar,24.8746673,90.9801876
Netrokona,Mohongonj,Somaj Sohildeo,24.8254126,90.94909969999999
Netrokona,Purbadhala,Bairaty,24.9268228,90.5825359
Netrokona,Netrokona Sadar,Chollisha,24.8686293,90.6821626
Netrokona,Netrokona Sadar,Dokkhin Bishiura,24.8820862,90.72308699999999
Netrokona,Netrokona Sadar,Modonpur,24.7777307,90.7485282
Netrokona,Netrokona Sadar,Amtola,24.860623,90.7865655
Netrokona,Netrokona Sadar,Lokkhiganj,24.8820862,90.72308699999999
Netrokona,Netrokona Sadar,Singher Bangla,24.8820862,90.72308699999999
Netrokona,Netrokona Sadar,Mougati,24.938159,90.70577899999999
Netrokona,Netrokona Sadar,Rouha,24.8820862,90.72308699999999
Netrokona,Netrokona Sadar,Kaliara Babragati,24.9838972,90.7544692
